id,milp_obj,expected_obj,is_optimal,I_size,v1_size,v2_size,total_cross_edges,D,time
1,3.793706446782476,4.000131987333463,,292,1211,2469,2913,16,0.0008359240018762648
0,32.94067399284469,37.82961899690032,,1773,6880,9080,13353,13,0.0009852119983406737
5,0.23206367330277833,0.24010302269853478,,21,102,238,258,6,0.0002471899933880195
2,271.29699006393645,489.41741167110774,,3453,30249,26739,112622,44,0.001715640988550149
7,98.12148591314717,121.31597662939471,,190,3494,25703,45927,34,0.0008727560052648187
9,0.4284780379316307,0.45933636313012927,,67,281,627,735,6,0.0005899340030737221
10,19.684812196594375,21.688881401178588,,984,3825,6262,8171,11,0.0006438900018110871
3,240.10464121321863,414.98990401767895,,4453,30929,22865,86868,36,0.00266823401034344
13,2.6950124152310857,2.8181735573841804,,228,1020,2031,2357,8,0.0005056399968452752
4,198.90405436094898,322.7073226068577,,5269,29650,19475,64086,31,0.0020721330074593425
15,0.8686033735359692,0.90706892319009,,100,461,955,1062,6,0.00036608200753107667
16,0.11800553663830761,0.12645365602310432,,13,58,123,140,4,0.00017384400416631252
17,0.8385742989403238,0.8585536908637117,,105,487,1114,1206,6,0.000395401002606377
6,146.62560548654903,214.9355336604821,,5725,25448,16053,41905,25,0.002602450011181645
11,270.2656529403594,486.7780070867172,,3502,29801,26450,109132,38,0.002579715001047589
8,136.48566871429634,197.3608787316356,,5774,24681,15510,39060,24,0.0018396369996480644
19,29.836962050590113,34.17202932589343,,1561,6189,8395,11966,11,0.0009095360001083463
20,40.198402742883204,46.81511512164109,,2117,8166,10082,15335,10,0.0009561729966662824
21,0.10329346095713698,0.10335136207532614,,17,70,146,147,2,0.0004084349930053577
22,0.01717410557455075,0.017174105574550902,,1,3,6,6,1,0.00045433000195771456
12,134.00520089571415,191.67838526501575,,5651,24167,15622,38830,26,0.0022089859994594008
14,128.67764017540208,183.40109403459127,,5523,23251,15220,37895,23,0.0017871710006147623
24,0.15754503922816301,0.1587180424017638,,20,74,161,170,2,0.00017538099200464785
26,0.7558555279771544,0.7873238549394217,,110,481,1072,1190,6,0.0003675889893202111
27,0.012884031204456763,0.01290660075559158,,2,17,26,27,2,0.00048298700130544603
18,134.01615838708108,190.72438634636356,,5778,24395,15250,37702,28,0.0018768130103126168
28,0,0,,0,0,0,0,0,0.000532417994691059
30,0.3709689482165229,0.3904365439636467,,40,183,430,472,6,0.0002233560080640018
31,19.037902496420124,20.919461093649215,,962,3920,6352,8236,9,0.0006238220084924251
23,229.54008346669679,382.60867832020955,,4657,30690,21793,77267,35,0.002337744997930713
32,34.34116933146712,39.77569408184911,,1816,6854,9201,13597,15,0.0008816480112727731
35,3.0341074257382794,3.1618561170612955,,233,1056,2119,2376,6,0.0005073469947092235
34,11.585829575115945,12.532009349626625,,622,2667,4611,5771,10,0.0008965610031737015
25,177.0715454419601,271.4010291693308,,5792,28528,17844,51645,24,0.001990995995583944
37,0.007111080563717284,0.007430001721298374,,2,11,19,22,2,0.00037452699325513095
29,113.76056348908617,159.33781922338224,,5491,22514,14430,33774,20,0.0018158979946747422
38,0.07918640988873385,0.0806093871095841,,7,57,120,128,4,0.0004958360077580437
36,241.1279847120403,368.17759808066745,,730,11651,39436,118348,41,0.001197315999888815
39,0.470337217267952,0.4872686810512413,,76,289,648,707,5,0.0006148209940874949
41,14.287714095265246,15.737413847800543,,755,3137,5385,6922,12,0.0006347940070554614
42,122.49542482753105,158.89668058731388,,258,4809,30903,60430,33,0.0006262969982344657
44,0.002716734889718659,0.002716734889718686,,1,5,13,13,1,0.00012823200086131692
43,7.533270268982875,8.055000594478663,,461,1885,3523,4349,9,0.0008406829874729738
33,163.8968884051885,251.02519930474557,,5639,27783,17266,49242,28,0.002084829000523314
45,0.0017850895905197751,0.001829837358391262,,1,3,9,10,2,0.00011401700612623245
40,310.57640201969764,558.1554545475348,,2067,24118,33971,144271,47,0.001623878997634165
47,13.747762099058813,15.052504286936907,,679,2847,5068,6473,11,0.0008864129922585562
48,0,0,,0,0,0,0,0,0.0004695029929280281
50,7.495535121365131,8.501347934791808,,35,765,8566,11535,20,0.0007590699970023707
49,48.06757645090405,57.16382506944312,,2444,9263,10820,17247,14,0.001026273996103555
51,14.635632218900204,16.281875530242658,,44,932,9100,12355,26,0.0005096779932500795
52,35.15039370007915,40.440993666593315,,76,1587,14578,21297,30,0.0006001740111969411
46,111.10233426053455,153.74053627792014,,5318,21421,14386,32619,22,0.0014976660022512078
53,144.71341818012218,189.68357877116827,,316,5524,32867,67730,42,0.0010913739970419556
54,8.037112326377287,8.521147521004615,,493,2077,3837,4510,10,0.0009331499895779416
56,0.04754264752935753,0.05006080872827945,,4,25,52,58,6,0.00048751301073934883
57,0.005942050999537457,0.006199435436519574,,3,14,20,23,3,0.0005023550038458779
59,0.5141682471334763,0.5332304624386298,,85,353,677,739,4,0.0003109059907728806
55,70.80970238840554,90.04918995778098,,3712,14431,12779,23812,20,0.0013888630055589601
58,262.56474864793915,417.77001652076297,,908,13737,39662,131753,36,0.001397051993990317
61,69.20168818926524,83.70967942700919,,153,2672,21614,35867,27,0.0005817100027343258
62,2.035945576719877,2.134636649788463,,210,930,1999,2266,7,0.0005279839970171452
60,270.9097715575475,450.1438336476791,,1098,15810,39132,139260,46,0.0013626389991259202
64,0.056692126413760105,0.057483080904331185,,8,36,59,63,3,0.00022539398923981935
65,2.1895919886393607,2.2888694313601787,,220,917,1817,2066,8,0.000562683999305591
66,10.766657965410522,11.596550491854575,,574,2404,4417,5366,8,0.0005914530047448352
63,86.8560250320605,114.24008718283162,,4250,16315,13312,26713,24,0.001604119999683462
67,48.577788653007204,55.92802983591311,,105,1949,17203,25227,28,0.0008810159924905747
68,81.91602900929908,102.2424439575767,,180,3400,24897,43806,32,0.0005744710069848225
69,0.018528334253219394,0.018619402796080875,,2,10,22,24,3,0.00012887100456282496
70,0.043641018104224376,0.043641018104224494,,1,9,12,12,1,0.0001410020049661398
71,0.02319479814554892,0.023222535329442184,,4,13,27,28,2,0.00038125399441923946
72,1.7991635235958972,1.9043694656319698,,201,851,1709,1981,6,0.0008634059922769666
73,0.6118715256061203,0.6297374326680144,,68,315,678,745,5,0.0006763629935448989
75,0.2962824006682978,0.31385862909544315,,49,187,387,458,7,0.00022148300195112824
76,0,0,,0,0,0,0,0,0.00010468300024513155
78,0.006656825635417456,0.006656825635417363,,2,6,9,9,1,0.00013460501213558018
77,0,0,,1,0,0,0,0,0.00037307200545910746
81,0.10129585508976122,0.10243493345250365,,10,56,136,142,3,0.00018467800691723824
82,0,0,,0,0,0,0,0,0.0003380379930604249
83,82.68505382173088,101.13043271567174,,162,3059,23621,40197,29,0.000505869000335224
86,0.9454468676358319,0.9967183887902537,,114,543,1199,1370,7,0.000304749992210418
84,271.92727740932065,440.18159051313256,,993,14664,39651,135622,38,0.0008534160006092861
80,260.8508483789456,459.9660204829441,,4015,30599,24743,99824,47,0.0019609940063674003
74,154.57752887056992,232.3046272232332,,5815,27107,16539,45858,33,0.002304896988789551
88,0,0,,0,0,0,0,0,4.950599395669997e-05
89,0.11210392799220913,0.11223213801423804,,20,65,169,170,2,0.00010240099800284952
85,309.3865856680069,547.7317142504764,,1748,21614,36061,147662,36,0.0013132849999237806
79,124.32002973437356,172.70416273590152,,5647,23201,14731,34156,20,0.0023858939966885373
90,0,0,,0,0,0,0,0,4.773699038196355e-05
93,0.33837549055511523,0.34232727028417287,,52,190,414,451,7,0.00013220400433056056
87,236.6471802429862,402.09685223494057,,4564,30919,22426,82481,40,0.0014889300073264167
91,59.00640049490956,72.71209744174745,,3055,11921,11894,20686,14,0.0010468980035511777
95,0.0502033930495118,0.05060730262135793,,5,21,56,60,3,8.478800009470433e-05
94,81.88128140153616,106.30991242191128,,4198,15844,13127,25933,18,0.0015440930001204833
96,0.09695955473429956,0.09928176658547172,,17,56,135,147,3,0.00017551900236867368
92,227.38966769992444,377.9791337102571,,4747,30444,21666,76219,31,0.002012946002651006
98,134.83868718261823,174.66272116257934,,263,5102,31559,63373,31,0.0006572840065928176
100,0.1280479457015307,0.1361836328931002,,16,74,172,198,4,9.566098742652684e-05
97,67.47257096110856,85.76730267951581,,3720,13947,12237,22645,14,0.001085445997887291
99,48.15631404790463,57.46786340809292,,2519,9403,10642,17208,11,0.0007363890035776421
101,0.0854320477278761,0.09180385241747202,,12,59,104,121,4,0.00011750699195545167
103,47.13945471311393,56.7310897337476,,2371,9243,10771,17666,12,0.0007662399875698611
104,30.579883511966358,34.80260482996599,,1575,6133,8556,12237,17,0.0007700539863435552
105,36.826970931116634,41.91964784938644,,91,1536,14534,20614,25,0.0004398140008561313
106,0,0,,0,0,0,0,0,4.545300907921046e-05
107,0.615865346316752,0.6487516913114345,,61,287,655,730,6,0.0001813200069591403
108,55.12481755375532,64.90668641036265,,111,2125,18622,29466,28,0.00044066799455322325
102,282.02097562557265,504.4775904929742,,3281,29015,27754,115668,41,0.002694801994948648
109,18.69902077619909,20.984215122591035,,63,1072,10878,14771,27,0.0004238359979353845
111,0.11382405859373594,0.12181104720598457,,21,97,191,236,4,0.00011168299533892423
112,90.42740070518292,110.8600145623738,,184,3277,25272,43567,26,0.0004829130048165098
113,43.507542577449826,51.055617094650664,,90,1805,16164,24550,27,0.00044888599950354546
110,304.38104356574337,535.9471848965474,,1725,21102,36276,148665,44,0.00133083900436759
114,11.09103633447713,12.030991548595788,,552,2475,4526,5635,8,0.0005095870001241565
115,0.03468878061667613,0.03468878061667624,,6,18,49,49,1,0.0002277859894093126
116,102.29888790550545,128.8044165309742,,221,3818,27014,49605,30,0.0005102409922983497
117,50.04147818357632,59.549680081411,,2552,9743,11026,17722,12,0.0007372599939117208
120,61.25156436316646,72.59552209181548,,137,2291,20232,32049,25,0.0004783589974977076
121,101.43238693488242,126.14327556811575,,210,3747,27131,49070,30,0.0005221769970376045
122,0.0034458947408854217,0.0034458947408855245,,3,12,12,12,1,6.563399801962078e-05
119,299.1047645361196,516.1720138914933,,1410,19246,37818,150101,51,0.0011258199956500903
123,49.02982331150557,58.73538665267768,,2526,9830,11057,17961,13,0.0008572810038458556
126,0.029317578323225447,0.032368273314401064,,2,9,18,23,3,6.476999260485172e-05
124,289.1185299367679,489.68895046651784,,1226,17773,38598,144132,43,0.0010249579936498776
128,0.21020547931721353,0.2186293176760652,,19,97,252,278,5,0.00013317899720277637
127,47.23050183913084,56.19451733178072,,2461,9435,10702,17406,13,0.0008849660080159083
125,293.8222043862571,508.8078841084008,,1375,18479,37945,148274,48,0.0011566909961402416
130,0.2507912313144856,0.2593129908446288,,35,141,332,374,5,0.00013610099267680198
118,221.5493464103687,371.25632010493246,,5000,30476,20964,75169,33,0.0020484790002228692
133,0.26094638482914634,0.2689742524398473,,42,152,375,400,5,0.0001346689969068393
131,23.199868828170885,26.099943952050648,,1187,4725,7311,9978,9,0.0007961660012369975
132,255.21841097752358,396.80463676046173,,797,12188,39994,124530,40,0.0008218639995902777
134,147.23576269695224,193.14005289529302,,333,5651,32865,68877,33,0.0006252320017665625
129,301.66873615622643,546.1698511900291,,2587,26368,31501,135755,56,0.0017324219952570274
137,4.123942317942181,4.345012399226505,,306,1260,2428,2827,6,0.0004709229979198426
138,6.657298603171818,7.517640720633322,,29,602,6533,8706,17,0.00032810799893923104
136,305.4211496720832,537.2140061123986,,1617,20852,36674,150694,39,0.0010261909919790924
140,8.359582339504804,8.985097035540829,,502,2025,3778,4593,8,0.0004798380105057731
139,58.98944434194953,72.41986305649495,,3037,11369,11744,20333,17,0.0009779479878488928
141,16.264448078051934,17.85359572387579,,835,3307,5679,7329,10,0.0005261499900370836
142,176.20655766189344,247.8710936481125,,451,7598,36814,90252,32,0.0006760409887647256
144,0.021773529329692873,0.021884506866522213,,5,23,41,42,2,6.946100620552897e-05
143,21.126800856934917,24.041629671286497,,54,1133,11320,15422,23,0.0006555720028700307
135,134.9422598764545,195.34306600665664,,5711,24502,15457,39276,26,0.0011752670106943697
146,20.88405790503247,22.9203870156656,,69,1126,11710,15663,24,0.00040410298970527947
147,111.10572911400014,139.91238470160695,,262,4276,28643,53621,27,0.0005493369972100481
148,31.83741166312615,36.483691981429395,,1551,6138,8722,12411,11,0.0006252860039239749
149,178.55653651183687,246.19783202405188,,440,7235,36306,84718,42,0.0006863820017315447
150,211.97472971716567,304.5296590849365,,540,8846,38250,99840,44,0.0006583829963346943
151,80.81933528717315,100.69650623459869,,162,3111,23977,41328,31,0.0005134300008649006
145,272.16278865845766,484.5226661772783,,3619,29778,26400,107955,34,0.001919741989695467
152,34.505611042572745,40.30942489708067,,98,1571,14421,21148,23,0.00044314599654171616
153,1.2358741006848006,1.2861448780403246,,153,656,1402,1584,7,0.0003695570048876107
155,7.315912730205268e-05,7.315912730210261e-05,,1,3,1,1,1,5.282499478198588e-05
154,5.062285462006127,5.438325823846716,,386,1561,3009,3546,7,0.0007753070094622672
159,0.0060926248601212915,0.0060926248601215205,,2,5,14,14,1,0.00011755101149901748
156,299.63010714409074,543.5433053320204,,2393,25401,32348,138978,62,0.0013660770055139437
157,86.8202596835239,113.43587170679584,,4449,16963,13331,26917,14,0.0013148920115781948
158,295.0136787732296,503.71481605213137,,1407,18817,37657,146518,42,0.0011902789992745966
161,61.37656147482152,73.15011533369272,,129,2434,20696,32196,32,0.00047442500363104045
164,0.7443540540234839,0.7881128206188722,,117,433,944,1092,6,0.0003439349966356531
165,0.5133858422184665,0.5475856677391967,,74,301,701,794,5,0.00018750099116005003
166,18.49762741730764,20.613338871954195,,60,1024,10752,14636,17,0.00041284099279437214
162,93.49172871757214,125.82136840253786,,4618,18092,13874,29208,29,0.0011567589972401038
167,13.379950216644392,14.469958464326432,,770,2995,5156,6480,10,0.0005208539951127023
160,112.48775246467017,154.19532377165282,,5316,20939,14347,32427,19,0.0024235750024672598
170,0.28045519819265147,0.2941472017111316,,35,150,335,404,5,0.0001525370025774464
171,0.14257251812796445,0.146557508065004,,20,89,200,226,4,0.00012875501124653965
163,130.5610965293884,185.78415045943657,,5708,23882,15358,37987,23,0.0016160109953489155
168,97.27448486461446,128.51158774225547,,4813,18445,13765,28984,19,0.001497651988756843
174,15.511469556682826,16.772412431320273,,792,3286,5628,7082,8,0.0005483339919010177
176,5.178696208043598,5.43601588990211,,338,1417,2790,3286,10,0.00048042400158010423
172,251.88490769712865,397.3731034873701,,851,12957,39916,129482,38,0.0009816209931159392
173,95.46312231890263,128.0375225342642,,4756,18279,13829,29769,34,0.0010785359918372706
178,0.09891746907241568,0.10553600017089637,,12,49,97,107,3,9.985298675019294e-05
177,211.1581716511504,304.0496873409697,,541,8977,38395,98695,41,0.0007683150033699349
179,0.04167747127191861,0.0422570322162783,,9,48,109,113,3,9.533599950373173e-05
180,4.791815892904526,5.085715585430478,,330,1427,2843,3375,6,0.0004851629928452894
169,169.03836214489633,261.27198943361765,,5771,28344,17326,50944,31,0.0019234710052842274
182,124.99812620485267,160.47397793367418,,260,4801,30452,59884,25,0.0005526510067284107
175,278.54888819235794,499.5405153274514,,3252,29252,28020,116911,43,0.0017129689949797466
184,0.10984562129809841,0.11208082558655386,,15,50,139,146,4,8.955500379670411e-05
185,0.014063025959748605,0.014063025959748399,,1,10,19,19,1,7.693500083405524e-05
183,70.45968378903301,88.76879172768979,,3691,13893,12392,22855,13,0.001103784001315944
187,0.02427762775575624,0.024345997724970925,,7,24,47,48,2,7.443300273735076e-05
188,73.69213599221163,88.16852380449939,,151,2576,21598,35447,25,0.0005037310038460419
186,302.1890763751942,526.7498993219168,,1520,19811,37203,148650,40,0.0014771849964745343
189,192.47858099522418,270.41818426194584,,452,7654,36813,89872,31,0.0006439550052164122
191,0,0,,0,0,0,0,0,0.00018788599118124694
192,19.028255370692403,21.084653116102192,,963,3833,6407,8373,10,0.0005143860034877434
194,0.10385237324482292,0.11624303755188681,,9,48,114,145,6,9.158099419437349e-05
181,172.44871454650968,266.6147887295255,,5738,28554,17436,51669,31,0.0023185839963844046
193,2.986178069403721,3.15522811000333,,230,1053,2127,2516,8,0.0005688719975296408
196,13.001845285693951,13.969044599549367,,646,2696,4780,5932,10,0.0004925090033793822
195,1.8165666629070814,1.9141482189198644,,195,817,1748,2012,9,0.0005578169948421419
198,0.15504801185897915,0.15896023877601295,,23,73,176,189,3,0.00010063299851026386
190,271.3565827177911,485.4099894497062,,3694,30017,25870,106763,42,0.0020363049989100546
201,25.8492529268445,29.28448032431823,,1400,5617,8049,11339,10,0.0007232170028146356
199,73.93283533869841,93.42746880775543,,3835,14387,12641,23527,28,0.0010902009962592274
203,2.90533706779072,3.0827175576795636,,240,997,2066,2420,8,0.0004254630039213225
197,270.4147364209661,488.28479612406176,,3581,29885,26457,109806,39,0.001469159993575886
204,5.052704801848923,5.683265393019959,,23,443,4959,6662,16,0.0002577760023996234
205,153.74174781255508,207.0324400213994,,328,5941,33447,72907,34,0.0006527759978780523
206,0.017082305172076047,0.017162523534643426,,3,12,25,26,2,6.771499465685338e-05
208,0.015719627477954985,0.015719627477954967,,4,13,23,23,1,6.741400284226984e-05
200,99.71456937088816,135.58461527330724,,4937,19559,13847,30126,25,0.0011943870049435645
207,50.22375582005352,60.06982675910449,,2698,10101,10979,18112,12,0.0007237099925987422
202,118.91927476942809,164.35252699600775,,5255,21443,14746,34375,20,0.0015590260009048507
210,5.116393796416832,5.365126659181412,,340,1438,2763,3215,7,0.0005917939997743815
212,15.990737789735805,18.223095285072407,,51,992,9872,13339,21,0.00041208100446965545
211,18.47395586055173,20.567035479396672,,969,3808,6218,8250,13,0.0005464569985633716
209,308.59564508925257,533.0009173054103,,1522,19907,37130,147898,54,0.0013071039866190404
213,4.8653182245735245,5.17648370111083,,328,1429,2836,3374,9,0.00045413299812935293
214,0.37852208018702915,0.3845171192603357,,56,238,492,528,5,0.0003684900002554059
215,205.706963967814,301.29623221976664,,569,9477,38199,103199,40,0.0008112350042210892
217,0.01498838666007653,0.015273735333469318,,6,15,32,34,2,6.784900324419141e-05
218,18.750108910481654,21.14581139684159,,934,4033,6586,8974,9,0.0005562349979300052
216,277.1339940450378,455.29347323180946,,1020,15396,39447,138332,38,0.0007303599995793775
219,8.202811079797135,8.951412361699916,,49,708,8344,10443,18,0.0003796149976551533
220,3.1346759848905217,3.54269095051385,,20,374,3594,4457,23,0.00037697200605180115
221,0.046627905415368265,0.04874355816751086,,6,33,84,99,3,8.726300438866019e-05
222,0.422122884465054,0.43194350880832344,,51,235,549,615,6,0.00015675299800932407
223,0.386784639662454,0.40206360686319276,,50,251,542,593,4,0.0002317120088264346
224,52.73245324465118,63.28566269285027,,2822,10623,11183,18314,10,0.0007249300106195733
227,0,0,,0,0,0,0,0,0.00015315499331336468
225,0.8419823390507137,0.8788440695883196,,126,519,1076,1203,7,0.0005730480042984709
229,101.38802700601,127.02099703479962,,197,3689,26423,48246,32,0.0005013019981561229
228,52.87697289421532,64.54327187540667,,2753,10400,11243,18906,17,0.0009064569894690067
230,0.2852704966697288,0.29808065592213284,,40,187,399,428,5,0.00014295500295702368
231,67.1242593712815,80.77646409322519,,139,2533,20897,33793,30,0.0004949160065734759
232,0,0,,0,0,0,0,0,4.97110013384372e-05
233,26.61324796316891,30.015915809192585,,1328,5349,7701,10607,9,0.0006728119915351272
226,150.8422570513313,222.1045237670289,,5812,26165,16313,43442,31,0.0019053119904128835
237,7.360779501887978,7.794385220186859,,401,1751,3429,4113,7,0.0004570689925458282
234,280.0198781621963,453.29306378725124,,1067,15002,39549,137706,55,0.0014037179935257882
239,1.2734988461575734,1.336357715942547,,166,708,1480,1668,5,0.00040834699757397175
240,0.052461997174653476,0.0577910031627642,,9,61,112,127,5,8.770400017965585e-05
241,0.07391888269311606,0.07563443327428365,,22,57,112,123,3,8.778700430411845e-05
242,0.020970004220996596,0.02097000422099682,,4,29,48,48,1,8.225000055972487e-05
243,10.988268565210133,11.83280116881108,,570,2393,4449,5603,8,0.00048745499225333333
235,98.35486231223334,131.81901687091104,,5056,19352,13597,28522,20,0.000973774993326515
236,235.70061933339636,400.06294603563265,,4616,30626,22362,81866,33,0.0021385260042734444
244,18.800121754998276,21.026605255789043,,1039,4139,6467,8537,10,0.0006031259981682524
238,106.53392003131317,145.65403127642367,,5105,20608,14202,31778,18,0.0013129260041750968
246,0.7884634080059391,0.8477642343388115,,100,468,1025,1230,6,0.0002862739929696545
245,76.32483318561917,96.64687643544488,,3922,15066,12659,24272,16,0.0010749799985205755
248,0.1820563822992764,0.18738684186323074,,20,93,208,233,4,0.00010893700527958572
247,9.565135196768516,10.333997546782205,,548,2192,4039,4989,8,0.0006287230062298477
250,1.7750814798361723,1.8624709510374533,,197,821,1727,1989,8,0.00045215200225356966
253,0.017773657139998796,0.0177736571399989,,1,7,16,16,1,9.834500087890774e-05
252,219.3920833647377,322.1628750256758,,642,9935,38711,105940,47,0.0007828279922250658
251,82.94751154930984,107.85324324345008,,4214,16023,13175,25926,16,0.0009158500033663586
249,275.17094064741667,491.5895451600923,,3427,28994,27399,113531,39,0.001412133002304472
254,194.09311774150905,276.0572748223855,,493,8215,37952,95581,47,0.0007128729921532795
257,90.91510475619631,114.18579985120064,,182,3575,25591,45404,25,0.0005098420078866184
256,1.0838458867725362,1.1282227782076897,,164,708,1435,1620,6,0.00048184700426645577
255,309.1222258332216,547.7242207600815,,1738,21445,36140,150258,46,0.001136482009314932
258,257.4404996869838,403.47913206706,,872,13056,39470,124710,38,0.0007387279911199585
261,0.3298004673368153,0.34749392054834216,,48,249,443,502,7,0.0004426280065672472
262,1.146356016974279,1.1847437588709067,,163,689,1323,1478,4,0.0003904409968527034
259,68.42219931848679,86.17775808832921,,3408,13231,12600,22898,14,0.0010436570009915158
263,0.6251601750578145,0.6501345758132341,,83,423,846,915,5,0.0002863970003090799
260,297.9462343482238,540.2868570878787,,2656,26425,31002,133891,38,0.001307530008489266
266,0.770474232069102,0.786060633714634,,82,379,824,882,3,0.0002282229979755357
267,0.1629376405563066,0.17906394514498003,,30,104,242,273,4,0.0001130519958678633
265,145.7090611848033,192.19716634257134,,322,5639,33343,70158,35,0.0010037780011771247
268,23.916120600650995,26.846392649666893,,1181,4786,7408,10145,8,0.0005733970028813928
271,65.35553408022402,77.85079005139838,,144,2601,21135,34027,30,0.0004955490003339946
272,33.56857045122758,38.337382290376596,,1668,6559,9031,13183,9,0.0007589820015709847
274,0.46050905274454434,0.47758148896137687,,58,285,630,716,6,0.00018888700287789106
264,219.53385929918386,369.6784508612871,,4930,30788,21005,74434,29,0.0017379860073560849
277,0.12083186095258659,0.12155887006280341,,25,92,164,167,3,0.00012227700790390372
270,130.11461038667358,185.8775736834919,,5555,23644,15201,37768,21,0.0012623869988601655
279,0.22579725208624962,0.2347190385048733,,45,215,402,431,4,0.00015351201000157744
280,5.6097567874195,5.886011942479025,,359,1464,2884,3386,7,0.00045931199565529823
278,0.07093912787522046,0.07751542150616608,,5,30,73,86,3,0.0003666539996629581
275,301.70613280661973,515.1067076951692,,1490,19172,37525,146202,44,0.0015070900117279962
269,217.20572078981598,360.94454053728947,,4986,30246,20754,72143,35,0.002136027003871277
281,0.7642399037986706,0.7880945771524658,,106,418,926,1006,4,0.00026241899468004704
283,12.902095735442353,14.532714005611812,,53,906,9541,12909,22,0.0004148079897277057
273,170.4215957003584,261.59790591101455,,5531,27574,17664,51431,30,0.0022564789978787303
285,6.967823650232476,7.618879158823695,,46,717,7210,9188,20,0.0004055400058859959
284,167.72899008885543,230.48663655203424,,417,6819,35381,80634,34,0.0006048780051060021
286,7.086062761522656,7.671548922094875,,445,1804,3450,4237,10,0.0004734239919343963
282,302.9155224727958,545.7781232073996,,2335,25352,32591,140548,37,0.0016561679949518293
287,0,0,,0,0,0,0,0,4.7289999201893806e-05
276,142.9739324896286,209.35404202901057,,5850,25242,15847,41475,24,0.0018305450066691265
288,6.540946043587688,6.880851937297302,,388,1627,3066,3609,6,0.00048697899910621345
289,0.21118738300313653,0.21709001933141092,,29,118,282,312,3,0.0001431440032320097
291,1.7127596313770743,1.79947540944858,,213,834,1769,2073,6,0.0004113320028409362
290,31.326035910511457,36.08049389365768,,1452,6144,8776,12901,11,0.0006896889972267672
292,1.3202134524449896,1.377104501531809,,174,764,1652,1879,5,0.00040996399184223264
293,0.3826874602792739,0.3936366464621788,,62,275,575,614,4,0.00018021899450104684
295,218.4437393261328,322.11583391311586,,584,9605,39071,106776,35,0.0007885369996074587
297,2.0844328008178326,2.149638079895034,,226,915,1780,1981,6,0.0004315069963922724
299,76.53937235206156,93.61431543847482,,154,2874,23550,40257,32,0.0004786589997820556
301,27.504426799307172,30.730219099804835,,63,1306,13446,18259,23,0.00044008799886796623
303,0.16623990094328972,0.17621112055762622,,25,115,186,204,5,0.00013273498916532844
300,7.22287235847933,8.220165493556426,,30,694,7340,10041,31,0.0004944510001223534
296,242.23116572436933,418.66836503910673,,4284,30668,23419,89042,39,0.0018172580021200702
302,274.36414319490257,434.13173788882534,,972,13812,39848,130594,46,0.0008537270041415468
294,185.41201079447035,290.99130264004174,,5534,29198,18292,55448,30,0.0018558339943410829
305,0.03704163173428319,0.037357614460821864,,5,21,55,59,2,0.000264809001237154
298,244.5247473865101,419.79567430343883,,4354,30883,23167,87148,30,0.0017340979975415394
306,49.1688591487822,58.6195977722751,,2395,9249,10901,17601,12,0.0009189130068989471
308,2.0586985086073843,2.192299957599604,,210,864,1759,2074,7,0.0004282989975763485
310,18.709472697354414,20.85517026229447,,1004,4034,6562,8794,12,0.000541742003406398
311,0.0018876104659099303,0.0018876104659096837,,3,6,15,15,1,6.572999700438231e-05
307,92.25160062619841,121.02836064573276,,4648,17683,13428,27692,17,0.0012153679999755695
313,32.828868791616614,37.85624536984602,,1692,6571,9009,13219,12,0.0006848190096206963
304,179.2037687543184,279.45659865008366,,5639,28902,18015,53841,36,0.0020408589916769415
312,302.3409513547131,537.4149158543769,,1793,22117,35649,146665,46,0.0015774560015415773
315,217.6361197872622,322.9636117129432,,638,10099,38947,108368,32,0.0007959210051922128
316,272.58170274874624,437.5691138575661,,928,14104,39642,132282,40,0.0009253140015061945
318,1.6737642351759077,1.7513780846664422,,178,810,1788,2049,9,0.00043230799201410264
317,265.64409015893443,418.7366098725181,,959,13914,39764,129957,44,0.0008987820037873462
314,96.96699943966539,129.48554140720063,,4893,18641,13834,28983,16,0.001208289002534002
319,158.13690311065668,213.72964052666342,,363,6333,34790,78098,31,0.0007009149994701147
322,7.04727668640691,7.440272296069082,,405,1631,3316,3977,14,0.0004772609972860664
309,185.71299484967628,296.16724068025025,,5463,29255,18591,57946,32,0.0013759330031462014
323,27.441028145201443,31.255735747848988,,1446,5670,8028,11528,12,0.0007328870124183595
321,220.20703026374835,326.7229352616325,,581,9895,39103,109562,38,0.0008372449956368655
325,57.14869465204965,70.33808729643293,,2867,11016,11592,19958,15,0.0007459199987351894
324,78.36653806795546,101.10650243618043,,4156,15632,12815,25119,13,0.0011305930092930794
328,0.031959324531650256,0.03425144040314798,,6,28,60,64,3,0.0003191209980286658
329,19.77409702217119,21.842814975055994,,1098,4239,6716,8920,9,0.0005521009879885241
326,304.01443313430474,547.6517891663026,,2028,23900,34070,145998,46,0.0016482819919474423
320,209.94645849213725,346.7570287106138,,4930,30495,20624,70477,37,0.0019263330032117665
327,298.29966507202835,547.1630201012908,,2439,25536,32434,141478,40,0.001563979996717535
333,0.049003822107179615,0.0565480151503458,,10,43,74,90,4,9.38030134420842e-05
334,0.05078515254826141,0.05787579478439808,,6,27,58,98,5,7.780799933243543e-05
335,22.65215605655877,25.474549801519906,,1133,4508,7149,9756,9,0.000545662987860851
336,0.009859150315215356,0.009985169294058016,,3,10,20,23,3,0.00016284000594168901
337,0.140858934834842,0.14102692659705363,,12,54,108,111,2,8.44489986775443e-05
340,0,0,,0,0,0,0,0,6.072399264667183e-05
331,132.00143888360296,188.90044073832757,,5494,23261,15543,38580,23,0.0017694950074655935
339,29.6339263431936,33.732682527937804,,1566,6210,8635,12376,14,0.0006713629991281778
330,205.2975564854285,335.43846136228194,,5319,30301,19653,66193,32,0.0018850469932658598
344,5.707763777483445,6.089080883225499,,348,1566,3085,3667,7,0.0005059309914940968
332,188.25281890162353,295.53779750298025,,5512,29070,18508,56901,41,0.0014681050088256598
346,0,0,,0,0,0,0,0,4.934299795422703e-05
343,69.50559455367242,88.07976727910234,,3385,13423,12514,23458,14,0.0009076649876078591
341,310.33326709855055,550.7425834434471,,2031,23226,34661,144517,40,0.0015030719951028004
338,101.9427298081301,137.95035995853598,,4994,19264,14072,30574,17,0.0011700200120685622
347,0.01761430549489959,0.01761430549489973,,3,8,22,22,1,6.513799598906189e-05
345,61.864273357071305,77.09469867233588,,3485,12837,12061,21400,19,0.0009365639998577535
348,0.11541333843997037,0.1198887634778093,,18,51,126,135,2,8.744900696910918e-05
350,0.10339423551483905,0.10404477088004715,,12,51,99,103,2,8.830799197312444e-05
349,62.83716054780573,78.08881481779157,,3243,12383,11920,21077,14,0.0009969009988708422
351,0.5819059552137471,0.6052608955991567,,82,317,683,764,4,0.00021286999981384724
352,0.07958243700514227,0.08604603481441209,,11,39,94,105,3,0.00011149898637086153
354,0.08676778414742667,0.08676778414742636,,11,33,91,91,1,0.00043692700273822993
342,187.58764763118128,299.7333400057639,,5545,29982,18555,58273,27,0.0015603009960614145
358,0.07114593521049409,0.07240404713916604,,18,63,125,129,4,8.937399252317846e-05
359,0.0038033030191966894,0.0038033030191967354,,1,4,5,5,1,6.387601024471223e-05
360,0.49340970382270555,0.500947144597033,,72,371,689,730,3,0.00024181600019801408
356,280.428237125234,458.01707099294174,,1063,14975,39444,138416,46,0.000769687001593411
357,125.78691163729108,159.86190165905955,,257,4503,30184,57448,27,0.0006567570089828223
353,229.84065408280307,390.77127108574416,,4555,30829,22233,81564,41,0.0019063149957219139
362,26.647685229458602,30.324756342112828,,76,1276,11848,17064,33,0.0004516280023381114
363,0.007387754980497973,0.007387754980497929,,4,10,23,23,1,6.224999378900975e-05
364,11.634281754600508,12.68567805988529,,591,2546,4612,5855,15,0.00045296899043023586
355,150.25316105492666,224.55825526429885,,5713,26618,16330,44393,29,0.0012320800015004352
367,0.34435464347742445,0.3501043727827252,,45,179,388,410,5,0.0001477899932069704
366,10.282211352142454,11.052907850079485,,577,2355,4308,5359,7,0.0005363719974411651
365,36.5792640804732,42.09803630833185,,1878,7476,9558,14363,10,0.0005991090001771227
361,274.1726629753916,492.52483214677227,,3628,30081,26229,108354,44,0.0012573269923450425
370,0.4931176114225289,0.5067704673463961,,75,302,609,667,4,0.0001934729953063652
374,0.027298619926547755,0.027453052935165867,,6,22,51,54,2,7.125100819393992e-05
375,50.17373318972931,57.109566357599896,,98,1840,16853,24871,28,0.00046825100434944034
372,309.97403367673917,539.5775430803601,,1615,20756,36913,148993,41,0.0014916560030542314
373,257.81985844771623,399.78013292030016,,807,12870,39986,126092,35,0.0010635439975885674
377,0.03786850807857912,0.03821667001941009,,11,37,95,100,2,9.361599222756922e-05
378,0.36750074118756426,0.3784197742910055,,57,219,434,476,4,0.00016459300240967423
369,150.96642615884187,222.70299522138765,,5733,25853,16195,43165,21,0.00160788198991213
368,175.45091121498146,274.71135839608246,,5646,28707,17760,53597,27,0.0017467489960836247
376,301.82658298755473,542.4739378780187,,2717,26805,30847,131746,41,0.0015015920071164146
380,0,0,,0,0,0,0,0,4.786599311046302e-05
379,225.82373711057846,337.2806351837945,,659,10560,39352,111972,35,0.0008286179945571348
382,42.1167999170037,48.77983655735815,,117,1768,15647,22915,28,0.0004345540073700249
371,182.10271647546796,280.31718079794916,,5703,28888,17740,53231,26,0.002039853992755525
381,160.63829707936037,216.46250011285775,,355,6366,34373,75529,34,0.0006514029955724254
385,37.730091050946456,43.943831025182796,,1861,7317,9465,14390,8,0.0007658819959033281
387,0.038593291066891605,0.03905225247683752,,5,15,58,66,3,6.85660052113235e-05
389,0.011748170054232527,0.011748170054232676,,2,11,27,27,1,6.715799099765718e-05
388,0.2738763555415588,0.2811715242604258,,41,170,390,418,3,0.00012878701090812683
384,290.59805657995213,524.0552739420415,,2772,27640,29965,126833,43,0.0012900290021207184
391,0,0,,0,0,0,0,0,7.262799772433937e-05
386,295.7633368063908,531.2258421011866,,2605,26712,30960,131404,53,0.0011876190110342577
392,0.4688894813815917,0.49202929002308227,,71,327,695,767,6,0.00021779800590593368
393,146.74822979322718,194.58568441391952,,330,5631,31884,67513,30,0.0006730649911332875
395,0.042894045634783655,0.04968821248564537,,8,23,58,66,3,6.835200474597514e-05
390,97.43238170732727,132.6117860040831,,4913,19306,13920,29949,26,0.0011095100053353235
383,163.9688527195339,247.43750307023672,,5810,27734,16894,47443,31,0.002151088003301993
397,0.046503599616501884,0.046503599616501856,,2,11,34,34,1,6.660701183136553e-05
399,0.11668256104143468,0.12304871106036941,,21,75,182,212,4,0.00010262201249133795
396,68.41890705788758,85.90696973099625,,3521,13605,12381,22792,15,0.0007710740028414875
398,76.07522769801568,96.65852421834008,,4046,15088,12694,23983,15,0.0009044929902302101
400,33.29864471404027,38.01822645774943,,82,1501,13898,20049,24,0.0004578119987854734
401,0.021166596311693854,0.021166596311693597,,4,17,24,24,1,7.048300176393241e-05
394,253.64930324251725,442.337399739625,,4111,30582,24235,95077,37,0.0016771930095274001
403,0.041542228961418994,0.043504171709047634,,9,37,69,81,3,9.666199912317097e-05
404,0.5204345207452312,0.5360780800063806,,57,274,626,700,4,0.0001806719956221059
405,0.1036122460163513,0.10421665995187612,,20,68,135,140,2,8.672999683767557e-05
402,54.796159578169714,66.77212987901754,,2782,10845,11498,19494,19,0.0008398920035688207
407,39.96549370832771,45.96046594768579,,90,1626,16019,23081,26,0.0004173640045337379
409,5.243217653142486,5.70902671715654,,325,1421,2839,3356,7,0.00043355200614314526
408,0.2985980182114468,0.3080390707447841,,49,169,383,426,5,0.00021552600082941353
410,4.803671332810966,5.0492251593502235,,339,1384,2684,3087,10,0.000423965000663884
411,36.47622589444943,42.73024722647599,,95,1565,14560,21525,25,0.0004571110039250925
412,0.01597263577566898,0.015972635775668764,,4,6,17,17,1,5.928799510002136e-05
406,258.3460514283996,458.68655040399244,,3801,30551,25376,102309,38,0.0015846749884076416
414,0.2685726127428525,0.27578574032701353,,48,206,426,458,3,0.00017712698900140822
415,94.43350265756115,114.73018634582395,,182,3290,25556,43667,29,0.0005135009996592999
419,0.04958704975623749,0.05013100030069728,,10,31,75,79,3,7.029499101918191e-05
417,71.50773089330924,90.44053252368153,,3756,14230,12450,23184,16,0.0008277270098915324
420,0.0108697092619145,0.01086970926191455,,3,5,11,11,1,6.24610111117363e-05
418,209.19145501883963,302.3511653465046,,531,8949,38004,99790,37,0.0006382059946190566
421,0.8799588088178074,0.9018560474327828,,129,503,1070,1169,4,0.000292552009341307
413,223.23549963120163,378.9173071853642,,4680,30913,21552,77348,37,0.0018893390079028904
422,170.45388508432364,231.75777214056959,,380,6388,34313,78302,40,0.0006690080044791102
425,19.904773157770457,22.053577440366645,,1045,4151,6708,8948,11,0.000527543990756385
424,196.61554955819216,275.9828011955672,,536,8134,37446,94660,42,0.0005988799966871738
416,197.0688266036054,315.9883062741754,,5411,29842,19094,60914,34,0.001988698000786826
427,0.0005276042363695079,0.0005276042363695499,,1,3,8,8,1,7.108399586286396e-05
423,306.9883151683624,549.7310440300619,,2221,24709,33208,141015,42,0.001423164998413995
429,52.20819000568519,61.39635742719943,,96,1946,17566,26924,32,0.0004642749991035089
430,2.0440413649832543,2.1698037884487373,,14,213,2445,2806,11,0.00015231300494633615
432,41.05727788709233,46.871465455782975,,94,1705,16771,24368,40,0.00046213400491978973
433,0.03829885999490619,0.03857211031047325,,6,27,57,59,2,0.00031885001226328313
434,150.59267726132154,198.5605667255013,,340,5681,33474,70521,26,0.0006194680026965216
426,139.29357758713877,201.96397551731764,,5761,25345,15655,40078,25,0.0018515720003051683
437,7.112978365445212,7.71402817451726,,47,641,7202,9005,21,0.00036671999259851873
428,103.84061017159688,140.624129276962,,5142,20329,13951,30383,19,0.001394612991134636
431,302.5219765500712,551.1939331521601,,2400,25502,32284,139960,40,0.0013793349935440347
436,39.23073193397263,45.596555724627024,,1984,7644,9605,14570,12,0.0007944569952087477
440,86.10566016919381,105.53661022423174,,174,3301,25062,42148,31,0.0004969190049450845
438,217.73072197744423,327.08709370820964,,640,10444,39011,111909,37,0.0007862709899200127
435,298.5882987084558,544.3578406865879,,2514,26363,31570,136598,44,0.0011647759965853766
442,0.346361423885973,0.3622474974777634,,45,153,341,377,5,0.00013164099073037505
441,139.91425562978847,183.66046140866524,,306,5348,32081,66024,34,0.0006279340013861656
443,0.001026426571687792,0.001026426571687833,,2,2,3,3,1,5.761899228673428e-05
439,281.840531066994,513.0978854815099,,3044,28485,28647,121122,50,0.0015699740033596754
444,10.808237439706353,11.590318851336539,,599,2531,4574,5624,9,0.00046145200030878186
445,52.06153245055122,61.95468450342979,,108,2103,18155,28365,30,0.0004470669955480844
447,20.395091953226242,23.053980737614978,,51,1053,11662,16256,24,0.00039640300383325666
448,130.05064709411525,168.3302569007885,,288,5128,31290,61945,40,0.0006164399965200573
446,295.0190418828885,502.55864228066656,,1284,17623,38421,146185,35,0.0012358569947537035
451,0.07664597740585981,0.07718383579533972,,7,41,108,116,3,8.383499516639858e-05
452,11.89205058991188,12.809392641669906,,635,2593,4646,5799,7,0.0005502940039150417
455,0,0,,0,0,0,0,0,4.8312998842447996e-05
456,0.11100802395517471,0.11417617176073502,,17,77,152,174,3,0.00010530700092203915
449,283.0502102523397,508.90266902942693,,2977,28199,28921,121993,47,0.0026115459913853556
457,0.005439643828037451,0.00543964382803741,,1,2,6,6,1,5.568099732045084e-05
458,0.0480843990849019,0.04839455461841102,,4,28,55,58,2,9.172300633508712e-05
454,299.40575224099297,544.1057028918826,,2483,26141,31920,138455,47,0.0014172830124152824
450,105.80528515300483,143.6298474512244,,5248,20234,14012,30934,31,0.001115096005378291
453,262.3179112642664,466.9760718775407,,3891,29884,25408,102218,53,0.0014513720088871196
460,11.860601199638817,13.34965701868636,,41,920,8987,12131,16,0.0003847390034934506
461,0.03485615994083619,0.03485615994083635,,2,9,28,28,1,6.11080031376332e-05
459,271.99687338538496,438.6243966674036,,961,14170,40040,135952,55,0.0006380819977493957
463,0.35699041652414387,0.37105770636478486,,48,205,453,490,5,0.00015520201122853905
464,0.6954303397080086,0.7211940751087644,,81,357,804,886,5,0.0002212630060967058
466,0.0298708140734372,0.030181327062016927,,3,19,60,63,2,8.800200885161757e-05
462,296.74349163047526,537.9283547297183,,2195,24990,33118,141773,47,0.0015253860037773848
467,16.159624269589195,18.22950011808098,,62,1090,9709,13695,27,0.0004630479961633682
468,11.891371868975497,13.519455861224971,,49,837,8850,12350,21,0.00039029400795698166
470,0.12680725647514593,0.13169446586194988,,21,106,194,214,4,0.00011920399265363812
465,260.81145965182327,455.27628125883456,,3854,30351,25092,99756,37,0.0015888869966147467
471,41.07524022423751,48.56632893428701,,2259,8553,10231,15713,11,0.0007676079985685647
473,42.23466811523984,49.81459477361347,,2124,8383,9935,15491,13,0.000823177004349418
469,302.62806030057885,524.2756602245448,,1556,20148,37090,146354,45,0.0017805810057325289
474,0.032730694975444834,0.033348304292522446,,11,27,62,73,3,0.00011287900269962847
475,1.000603810069919,1.0414863324676495,,115,577,1199,1367,6,0.0003238689969293773
476,12.453491815543428,13.485407790269505,,656,2687,4973,6292,11,0.0004617340018739924
477,31.85608478895483,36.556522845725056,,1623,6495,8733,12662,11,0.0006671120063401759
478,20.3335237306672,22.493734867831193,,968,3997,6355,8378,9,0.0004794790002051741
479,0.8554463940354776,0.9035881852622185,,106,523,1105,1256,10,0.0002963519946206361
480,241.86968690199953,372.4317302541502,,751,11757,39682,121650,36,0.0006886490009492263
482,1.052552395041386,1.103292711292049,,129,584,1261,1456,8,0.0003160189953632653
472,211.98668402480808,352.90434743961845,,5152,30537,20221,69841,27,0.0016106440016301349
483,22.37549551839681,25.171816753511493,,58,1112,11562,16287,25,0.00041873299051076174
484,216.8663874870151,314.1504489494531,,595,9208,37879,100453,45,0.0007146610005293041
486,44.7043562567232,51.32472577896957,,102,1778,16736,24231,23,0.00044027098920196295
487,5.441794756445368,6.125961737592084,,34,602,6008,8058,22,0.00031381199369207025
485,290.3568844164695,489.41545953250306,,1256,17559,38769,143613,41,0.0007874830043874681
488,0.7768014678661074,0.7920836075419282,,115,518,1072,1146,5,0.00034790900826919824
489,0.06174153278317317,0.0622602761903327,,10,59,125,131,3,8.667699876241386e-05
481,224.51790226585135,375.6400140873428,,4953,31172,21024,74501,32,0.003022529010195285
490,0,0,,0,0,0,0,0,5.111099744681269e-05
491,0,0,,0,0,0,0,0,7.194498903118074e-05
492,1.4736462396147505,1.5464512816131089,,148,821,4039,4645,5,0.00047150900354608893
493,0.17289183108835396,0.18273663518202565,,17,94,546,599,4,0.00010836600267793983
495,2.206313347518361,2.363215560640626,,234,1254,5828,7010,7,0.0006701600068481639
497,30.324674998463287,36.263479912635404,,1146,6341,18855,32857,12,0.0009821809944696724
498,267.80434478374355,569.4924585386908,,341,8493,52056,181322,98,0.0011014339979737997
499,0.5015467331202178,0.5132844035804514,,52,271,1494,1599,4,0.00018311299209017307
494,593.1282930604189,1380.8435632286466,,3443,36131,67907,444633,89,0.0024281730002257973
496,127.19889110477986,185.64381822431596,,6722,29939,23386,70532,32,0.002573570003733039
500,490.5102617013192,767.5611975084538,,713,10508,64193,196122,67,0.0012086080096196383
503,0.004832105005564181,0.004832105005564191,,1,4,31,31,1,5.599400901701301e-05
502,492.582187502497,907.0413484770897,,878,12470,71222,261766,70,0.0011773720034398139
504,0.6686792218661621,0.6986828362818969,,55,307,1721,1919,4,0.0001992799952859059
505,0,0,,0,0,0,0,0,5.144199531059712e-05
501,661.0984284024084,1636.9375410549735,,3259,38734,66843,448436,84,0.0022308960033115
506,2.094904820550528,2.2200022997345448,,201,1046,5132,6055,7,0.0005499700055224821
507,0.037524668255575724,0.04143450194037657,,2,19,108,120,3,7.388000085484236e-05
508,1.5316345484099985,1.6113861317925762,,157,974,5010,5858,5,0.0004935809993185103
509,0.21315617420094393,0.21694119719305271,,24,133,725,769,3,0.0001284199970541522
510,226.5992447089876,437.34767134209,,237,5672,44075,108455,64,0.0009688770078355446
511,0.2887245315441776,0.30407135321550605,,25,190,1176,1297,4,0.0001436649909010157
513,0,0,,0,0,0,0,0,5.05439966218546e-05
515,0.6601249229679584,0.691198427418561,,64,321,1741,1929,5,0.0002219400048488751
512,104.67863362730448,150.89238546524487,,5434,25430,23823,68654,23,0.002427899991744198
516,0.06951772367531357,0.0729762703265644,,5,26,140,163,3,7.990500307641923e-05
517,0.4621421846077296,0.4873627416674815,,38,246,1337,1490,5,0.00017017799837049097
514,808.2228223378955,1564.2841621419016,,2728,29281,72473,393679,61,0.002381333993980661
519,78.72433408747769,108.66259643345762,,3867,18909,23806,62010,18,0.0016783159953774884
521,0.0015138355004500022,0.0015138355004502557,,1,6,48,48,1,6.573498831130564e-05
522,0.07159134207519366,0.07211710866421461,,9,60,324,336,2,0.00022308799088932574
524,0.008399514015461927,0.008448950629687202,,1,11,69,71,2,6.935300189070404e-05
520,808.9371699929236,1691.489395914698,,3476,38112,67391,434949,82,0.002130878987372853
526,0.022258313171074528,0.02270111098527572,,3,20,120,125,3,7.071600703056902e-05
525,76.94042723591963,106.48966757201025,,3707,18756,23702,61296,20,0.0015044610045151785
527,300.8670164666423,575.6114876844074,,477,8626,64068,202131,51,0.001069781996193342
529,11.555104150979954,12.636482466977736,,535,2883,11528,15737,8,0.000807115007773973
530,42.525911004013196,52.816337257769334,,1713,9161,21661,42367,14,0.001220521007780917
531,2.7190165176010983,2.9352845290000165,,245,1381,6819,8325,6,0.000764734999393113
518,557.2609808306031,1248.451189505698,,6122,54742,46848,314935,72,0.004027246002806351
532,0.18207328556358304,0.20394791193672046,,14,74,397,475,5,9.803399734664708e-05
528,116.15331769032016,168.69516004705682,,6021,27820,23914,71489,22,0.0026387510006316006
523,716.1712489015654,1451.0566434237371,,6168,50735,54090,375060,65,0.003589118001400493
535,0.786811962894278,0.8303495726504944,,82,440,2269,2541,5,0.0002741409989539534
536,4.790029994289395,5.123469076517924,,284,1722,8072,10196,7,0.0007575869967695326
537,0.7508487056417921,0.7829423836841688,,71,424,2343,2580,4,0.0006256899941945449
539,0.1655712347147406,0.18054372846337563,,8,56,348,400,4,8.831900777295232e-05
540,0.0024293544551238755,0.0024867782698311247,,2,6,17,18,2,6.191400461830199e-05
538,95.08956825064244,135.9676868971844,,4841,23253,24061,67694,24,0.0023978050012374297
534,146.5095047050163,215.16366768165042,,7692,33959,23170,72938,31,0.003076895998674445
543,0.030985083536100667,0.032583872446294126,,8,24,101,113,3,7.666798774152994e-05
533,741.160173530673,1605.113733374888,,5304,42868,62088,438367,65,0.00311757400049828
545,3.3869329071725582,3.6364331075078624,,279,1522,6943,8561,8,0.0007197660015663132
546,0.07694366888078989,0.0788382801643237,,7,35,212,227,3,7.927700062282383e-05
547,0.005172470940974767,0.005172470940974727,,1,1,3,3,1,5.52460114704445e-05
550,0.7956982471040036,0.8400125703043454,,74,373,2068,2327,5,0.0002334000018890947
552,0.00834560951329262,0.00840321865994842,,1,5,31,32,2,6.992999988142401e-05
553,17.818067989501948,38.71863680127105,,36,1109,15225,38645,47,0.0005573069938691333
551,76.06976685911903,105.22811984204729,,3797,18447,23976,61618,20,0.001853133988333866
554,0.03203833829103734,0.03309952090203794,,4,24,153,166,2,8.839101064950228e-05
555,40.10097735874269,49.38444498231595,,1556,8504,21029,40054,13,0.0011756389867514372
541,449.75887069998214,798.0605064987988,,9875,57629,33495,171005,54,0.003672839011414908
557,0.01836959535885294,0.022714735836900757,,1,7,28,38,3,6.013100210111588e-05
556,52.79546204804392,68.24213357418073,,2298,12191,22949,49716,17,0.0014472720067715272
558,0.36535490459966113,0.38724724228680163,,40,196,981,1103,5,0.000154056993778795
544,300.4654390247417,491.02438433132534,,10717,50768,27146,112986,37,0.003271498004323803
542,509.26970588684173,937.5922179624737,,8701,56759,37972,221170,54,0.004446245991857722
559,0.08271202410094165,0.0855691157307572,,7,55,338,358,4,8.891399193089455e-05
548,357.4711744600099,613.1682794627416,,10473,54270,29843,137113,46,0.003530139001668431
561,78.73046060701267,109.11753672844158,,3765,18471,24181,62771,20,0.0016401360044255853
549,371.1782559284506,661.0144313565005,,10650,55883,31777,160251,47,0.0038365270011126995
564,56.43700128755841,73.49406615451254,,2434,12500,23241,51736,16,0.001217086988617666
567,0.3174634795755693,0.33511929226179893,,38,169,995,1102,4,0.00014288398961070925
560,157.14855759789242,236.90855674337737,,8251,36271,23593,76992,27,0.003097519002039917
565,638.4130815826827,1383.60665178229,,1369,20291,74708,386476,84,0.0018063250026898459
568,0.03279850045098684,0.03326414788465426,,4,22,142,151,2,7.19740055501461e-05
569,0,0,,0,0,0,0,0,0.00011880899546667933
570,28.999933800502365,34.15884718257356,,1110,6078,18484,31478,12,0.0010075559985125437
571,0.2148478140725271,0.2277711276347426,,23,110,566,622,5,0.00012172700371593237
563,214.08590133659567,329.61700490378234,,9847,42834,24266,86693,32,0.003059059992665425
573,51.53534907782358,66.46525322306057,,2265,11768,22562,49135,16,0.0013203790003899485
574,17.347376511750795,19.934164672128183,,714,4096,14582,21863,9,0.0008130839996738359
575,0.01977564400327899,0.0206916930568829,,1,8,51,56,2,7.565900159534067e-05
562,450.58886133401654,872.2137008150596,,9330,57507,36692,211604,56,0.003254456998547539
576,0,0,,0,0,0,0,0,4.920701030641794e-05
572,108.1296481891678,158.64712784604956,,5732,26258,23797,70506,22,0.0022223429987207055
577,0.07510269933169451,0.08059230936405803,,2,18,116,129,3,7.093600288499147e-05
579,13.639286994375425,15.208514841086515,,605,3314,12900,18329,9,0.0009057700081029907
566,582.438056677348,1022.6289399618038,,9895,59324,37089,211295,53,0.0034629840083653107
581,0.014870350650130695,0.015979293900822533,,1,9,65,69,2,6.640599167440087e-05
583,0.03405221068080361,0.03813096554374262,,4,25,88,107,5,7.306999759748578e-05
582,446.0441826756238,740.2111198892989,,673,11197,62785,178644,53,0.0012007399927824736
584,242.65517846513578,542.7002056022118,,223,6822,54211,193154,92,0.0009992160048568621
587,0,0,,0,0,0,0,0,4.738599818665534e-05
586,6.0092810627423825,6.442521245021229,,355,1967,8680,11096,8,0.0008951080089900643
580,145.49572289942483,215.38640594208198,,7671,33775,23432,73896,28,0.0025736029929248616
589,0.12896469090437515,0.13379307619639935,,17,66,405,426,3,9.475099795963615e-05
590,0.6453575370708692,0.6818498506023615,,63,356,2074,2313,6,0.00022362000891007483
592,0.3713195776311373,0.3836461297654048,,31,167,945,1022,4,0.00016016600420698524
578,541.5379688381881,929.9816323413356,,9425,55835,34885,183938,46,0.0037274409987730905
593,0.028645122871630905,0.029814374050542103,,2,10,63,69,2,6.703399412799627e-05
591,131.3751076599889,191.04846760914631,,7106,31151,23498,71014,25,0.0025699949910631403
597,0.012255506575585934,0.01227067281460914,,1,5,40,41,2,5.651700485032052e-05
588,199.16575271997874,306.2656868600309,,9940,42582,23882,84438,38,0.0028741069982061163
585,369.74895271617316,603.496598063333,,11253,54234,28646,127286,62,0.003944550990127027
598,0.4809040960917413,0.5017812097205753,,51,227,1225,1343,6,0.00018591800471767783
596,5.526403891126663,6.022636053410105,,328,1869,8200,10579,6,0.0010558899957686663
599,0.1009936613805261,0.10813591942746781,,6,40,262,293,4,9.083900658879429e-05
600,0.6416655151235712,0.6797578349524842,,62,332,1838,2076,5,0.0004903839871985838
595,836.2227663966688,1700.2134268497834,,3596,38268,67480,419503,60,0.002756822999799624
602,36.94645118061211,45.07566260169865,,1449,7695,20190,37258,12,0.0009920730080921203
603,0,0,,0,0,0,0,0,4.8573012463748455e-05
601,339.0626136324145,833.0620253044673,,342,9079,56606,206237,73,0.001148436000221409
605,13.904940616559207,15.390550942107996,,551,3142,12716,17881,9,0.0008079250110313296
604,60.35026411786987,79.45034511029743,,2579,13516,23634,54434,15,0.0013508230040315539
594,590.6340404446817,1260.0359061521729,,6765,55821,45987,304937,72,0.003419129003304988
606,1.4550941776940123,1.5386130903446213,,135,753,3778,4384,6,0.00040518298919778317
607,0.10557577615219492,0.10897055807859057,,8,59,311,353,5,0.000103446000139229
610,0,0,,0,0,0,0,0,4.884500231128186e-05
611,2.1005143634644385,2.2405890521498906,,176,1055,5459,6488,8,0.0005558010016102344
612,47.7012049038267,60.803997439073925,,1942,10459,22318,46404,13,0.0011553649965208024
613,0.14711647050860155,0.1494126184372696,,14,72,370,397,3,9.785700240172446e-05
614,0.12573226397678702,0.1313716251381386,,9,52,291,328,3,8.561099821235985e-05
616,109.63662879859156,251.45501277330038,,94,3077,30554,91042,53,0.0007865669904276729
617,35.378460184296266,43.13706746682203,,1431,7701,20063,37172,11,0.0011073330097133294
609,172.0735381753682,259.3311892538509,,9197,38075,23775,79850,27,0.003109184995992109
618,0,0,,0,0,0,0,0,4.885900125373155e-05
615,616.2775418834558,1113.6746059373947,,2241,24135,74108,338154,65,0.0017183000018121675
619,0.0233076065647603,0.023645825950396437,,3,16,72,78,3,7.058600021991879e-05
620,45.07696852817351,56.4686814567534,,1854,9772,21758,43686,14,0.0013004549982724711
621,39.20476519449648,48.27571886699637,,1543,8323,20930,39852,15,0.001263515994651243
622,0.0013943191110915097,0.0018423223446164538,,1,4,20,25,3,5.2387986215762794e-05
608,461.38364319250843,803.1600087769784,,10311,57436,33425,170677,58,0.002648149005835876
624,0.00930490280673032,0.0094658219456758,,1,7,54,57,2,6.52089947834611e-05
625,6.690056448380236,7.186769348909618,,368,2094,9339,11930,6,0.0008154950046446174
626,38.871470338148825,47.562387972891806,,1482,8226,20394,38171,13,0.0013855750003131106
629,104.25828905219787,226.36371252781217,,116,3357,31237,85102,62,0.0008073159988271073
630,21.687375664611917,24.857077889837047,,865,4791,16111,25185,9,0.0009659930074121803
627,805.3644606974143,1729.4934620184304,,2895,33989,70626,432679,91,0.0021792949992232025
633,14.2586382879724,15.902442873999647,,577,3249,12954,18249,9,0.0008296240121126175
634,0.1120989487474763,0.12024238696589895,,7,49,227,262,6,8.830700244288892e-05
635,0,0,,0,0,0,0,0,4.8394009354524314e-05
628,122.37776684380958,180.00561788229507,,6810,29252,23641,71681,22,0.003352094005094841
631,104.10530752414196,148.90019274420806,,5361,25569,23849,68211,23,0.001901689000078477
623,423.814778880912,767.3172138231795,,10640,57495,33365,179829,52,0.003739082007086836
632,637.6088397849318,1511.7489993957047,,4367,45864,59209,425084,68,0.0029954510100651532
640,0.21696348707085847,0.22405733554214713,,23,129,708,778,4,0.00012615200830623507
637,659.2063717345454,1441.4817647426987,,1664,24717,74420,408105,109,0.0020651230006478727
636,95.30699047813131,136.13338764434735,,4956,23363,23745,66903,25,0.002523988005123101
641,0.3326891619629645,0.3463005970337998,,25,147,866,950,4,0.00013232999481260777
642,1.3452110960862607,1.4304337814486994,,114,650,3548,4076,6,0.0003726720024133101
645,0,0,,0,0,0,0,0,4.741500015370548e-05
644,82.0025724630894,113.78347161426115,,4069,19387,24033,62960,21,0.0017059509991668165
639,631.0527286258131,1420.0143653860564,,4662,47518,56816,405429,69,0.0035230590001447126
638,599.9702563899002,1428.47215415195,,5163,49051,55200,400310,83,0.003068587990128435
647,0.026680334300012692,0.029532757057532777,,4,20,100,121,4,7.368400110863149e-05
649,0.1114108902099031,0.11453024238731702,,12,66,352,370,3,0.00010532500164117664
650,0.8345570773315333,0.8773251167470196,,86,414,2207,2530,5,0.0002691550034796819
651,1.1012721111784542,1.170766163905419,,105,661,3509,4122,6,0.0003652419982245192
652,40.22210671751677,49.65044724102178,,1629,8702,21256,41033,12,0.0012106009962735698
643,699.7293964413672,1397.945695053164,,6337,54820,49477,327820,76,0.0036976060073357075
654,0.1434646216714479,0.14720610760089048,,18,97,500,540,3,0.00011479499517008662
655,0.01221972344330381,0.012311378767055459,,3,12,55,57,2,6.813800428062677e-05
656,47.3325134186662,59.883216568274186,,1875,10317,22353,46287,18,0.0012392799981171265
659,0.0191532101198521,0.019777940281801132,,3,9,50,54,2,6.852899969089776e-05
648,222.06777529659377,348.22562994354473,,10260,45035,24577,90206,30,0.0034147830010624602
660,0.022585229303358042,0.025332828116592987,,2,21,77,99,5,6.923000910319388e-05
661,1.8967814249149182,2.0164059049169882,,178,931,4636,5447,6,0.0004947229899698868
662,0.1768857700298338,0.18945097473949624,,15,90,469,525,5,0.00012091899407096207
663,22.448568456413515,25.853948457428153,,830,4804,16186,25583,9,0.0009407729958184063
646,361.33496515492163,606.6526997110947,,12153,55831,29021,135040,57,0.00428512399957981
664,14.404985650653868,23.00962724986712,,44,1046,14317,25804,42,0.000541651010280475
665,14.142236033512525,15.815432314350069,,585,3361,13244,18845,8,0.0008275849977508187
667,0,0,,0,0,0,0,0,5.14819985255599e-05
653,597.2677528883469,1176.48765491764,,7609,56994,42971,268204,76,0.0036284209927543998
668,0.015612658197256954,0.01585359084712956,,2,16,95,100,3,6.697200296912342e-05
666,633.6181679502962,1225.0277782970204,,1034,17090,71908,296034,82,0.0013807349896524101
669,0.03523609166720853,0.03769168711196291,,2,18,66,83,5,6.958100129850209e-05
670,0.851306273306018,0.9005070736047062,,68,439,2293,2566,4,0.00027678099286276847
671,0.12222609935357728,0.1255665456846562,,14,66,337,366,5,9.573501301929355e-05
658,261.5255151834859,412.8507575975049,,10368,47535,25706,98037,38,0.0035346560034668073
657,375.09772790803015,631.4427597341052,,10308,54706,29971,139620,57,0.003900345996953547
673,0.04226709695240917,0.04285412209884876,,2,17,113,118,2,0.00020589798805303872
675,207.44279523791582,518.0959273964897,,209,5960,42882,134292,77,0.000959976008743979
676,10.336443659495261,11.331178674542132,,469,2638,11050,15010,8,0.0008895880018826574
679,0.2522348672287406,0.2619031208889817,,34,177,951,1060,5,0.00013728499470744282
672,575.3207922408773,1432.566573909639,,4657,45183,59290,438235,76,0.0031501490011578426
674,107.48360501042926,153.37387932453979,,5666,25885,23722,68072,22,0.0022102549992268905
678,476.2812626629636,856.6518030562667,,952,15113,68359,237684,123,0.0011831790034193546
681,0.40205943141927014,0.42145949643701064,,26,159,864,969,6,0.0001370819954900071
684,0,0,,0,0,0,0,0,5.233098636381328e-05
685,1.587790831051302,1.6824445369828913,,157,817,4172,4894,6,0.00045157800195738673
680,118.71837747352731,173.1745717621755,,6484,28437,23689,70804,21,0.002022622007643804
688,22.325947101446594,25.853454995811685,,850,4884,16387,25986,9,0.0009662020020186901
677,170.54131627423428,257.96980510738314,,9229,39017,23317,77659,25,0.002738524999585934
682,149.67094570171741,224.08468745728464,,8296,34718,23593,75599,28,0.003208260008250363
686,612.1008203879668,1478.362218072768,,1906,24310,74834,430709,111,0.002081942991935648
683,154.90184833449328,230.35347246751155,,8343,35427,23353,74506,26,0.002904596010921523
689,308.6325419424583,783.8165435358565,,365,9598,57335,216823,86,0.0011061850091209635
691,2.7907411806499587,3.026742247534901,,242,1389,6762,8385,8,0.000747252008295618
687,643.6733938229477,1517.0159532930913,,3831,37213,67455,469228,95,0.0027071059885201976
693,0.06971733892721256,0.07150950116033605,,10,42,210,231,3,8.653099939692765e-05
690,633.4480684298047,1556.0259755107068,,3557,36951,67640,470845,95,0.002366804998018779
694,249.20195695005603,428.5747615898471,,318,6742,52864,133358,72,0.0009821389976423234
695,0.1349044884492056,0.14110820350533193,,13,86,426,475,4,0.00012407000758685172
697,0,0,,0,0,0,0,0,4.90320089738816e-05
698,520.0272485405233,847.5002203246877,,883,12104,68635,228807,63,0.001157328995759599
699,0.5501596360944246,0.5787259425327078,,43,296,1609,1806,4,0.00019879599858541042
702,0.40644000315506307,0.4226376039389318,,35,228,1157,1282,4,0.00016812700778245926
692,591.1171727489009,1184.2191574236838,,7000,54921,44227,278001,57,0.0034930209949379787
696,745.2815085369224,1559.9355862768446,,5248,44284,61170,434302,82,0.00278061100107152
700,130.86017891481038,191.53828408881017,,6976,30797,23458,71437,25,0.002639812999404967
707,0.01799132386411607,0.018589736975490156,,2,17,108,116,3,8.669999078847468e-05
706,198.18599848051682,418.3973627351664,,186,5042,47904,138140,52,0.0010045590024674311
708,0.3646644915661413,0.3747587830337462,,36,211,1196,1299,5,0.00016168400179594755
709,30.529379767987496,36.70492231551819,,1220,6653,19067,33537,11,0.001146011010860093
711,0.011113068766191902,0.01111306876619167,,2,7,40,40,1,6.628700066357851e-05
712,0.009035212601768473,0.009055860076479405,,1,7,55,56,2,6.674999895039946e-05
705,701.3317597415808,1709.1640653564505,,3841,44042,62845,450994,95,0.006455648996052332
701,260.2860994979594,402.29833495872697,,11055,47055,25333,95031,33,0.0034565690002636984
714,0.023454777745466258,0.02375212036504748,,3,12,73,78,2,6.785200093872845e-05
715,0.004135613117146979,0.00413561311714683,,1,7,33,33,1,6.761400436516851e-05
703,289.4222463504596,466.4458214837448,,11338,50556,26702,109899,39,0.0031580709910485893
704,500.06936207753387,941.7851072044159,,8689,57466,36867,203773,52,0.003797270997893065
717,3.8202178092611083,4.110956048647628,,267,1488,6988,8760,6,0.0007430219993693754
713,687.0401941886141,1745.279079397458,,4097,41591,64346,465194,79,0.002901107000070624
719,56.27059231116069,73.31815223699257,,2379,12563,22999,51212,17,0.0011620970035437495
721,0.05553327335385176,0.059977682908734065,,7,30,102,118,3,7.260798884090036e-05
710,641.4587881966712,1217.8238372757555,,8641,55983,44143,292180,63,0.003093551000347361
720,506.0423013272021,1032.2883439345314,,1019,16311,75087,337684,63,0.0012987749942112714
722,45.99293841216873,58.102029764676196,,1903,9982,22164,45086,14,0.001341701005003415
716,165.64167700317472,247.86936110660793,,8990,37419,23328,77061,25,0.003050633007660508
724,0.0020502468842981034,0.0020502468842981125,,2,6,30,30,1,6.43339881207794e-05
718,161.66055353158555,239.26389542788797,,8677,35643,23698,77104,25,0.005151389996171929
728,0.07366283624418538,0.08081574764493193,,5,29,131,156,4,8.148699998855591e-05
726,67.51189554799468,90.77834763586146,,3140,15801,23817,56845,16,0.0018685360118979588
727,66.24942407327248,88.73486165187245,,2956,15024,23617,55929,18,0.001487829998950474
731,0.26541862738346783,0.27021349359382574,,32,160,827,869,3,0.00012984000204596668
729,428.5661913693751,994.7439814471109,,597,14013,69392,279616,80,0.0011822830128949136
732,1.0863865649603481,1.1471348220058943,,91,523,2691,3078,5,0.00030489699565805495
735,0.290950728097526,0.30354626134941887,,38,216,1100,1214,5,0.00016287199105136096
733,348.7052663920317,814.47565382915,,420,10876,63649,243569,100,0.001117370993597433
736,36.81863868367055,45.12352384969426,,1402,7948,20340,38275,12,0.0010301220027031377
723,333.96252645090954,539.63835758389,,11476,52391,27422,116451,41,0.0035713789984583855
725,279.29818894136065,454.46679043855056,,10483,50123,26783,109941,44,0.0037184109969530255
738,57.37659815906273,74.77838559192142,,2441,12911,22883,51438,17,0.0014411079901037738
739,46.9348549149639,60.01497356565139,,2038,10673,22139,45433,15,0.001291088992729783
740,16.37661038025104,18.451802862109002,,658,3753,14086,20830,9,0.0009835040109464899
730,265.9608824578941,419.6731531440918,,10520,48046,25782,100205,39,0.003570064000086859
742,0.0037605510645799278,0.003803587216850146,,1,5,43,45,2,5.7554992963559926e-05
741,84.04083979401311,117.18957692303827,,4098,19948,24187,64413,21,0.0022662219998892397
744,0,0,,0,0,0,0,0,6.890000076964498e-05
745,0.04253568900230902,0.04852411876421536,,4,24,150,170,3,7.20370007911697e-05
746,7.977815059462595,8.643316748850753,,413,2258,10128,13286,8,0.0007726670010015368
734,639.3897411047418,1246.1044112575128,,8020,56686,44425,291643,53,0.003689246004796587
743,851.1965249453333,1630.9094657972435,,2781,29619,73038,421840,106,0.0023044779954943806
747,0.5528098450432845,0.585400724278946,,52,297,1594,1823,5,0.0001855380105553195
748,23.55393398564825,27.330171952743434,,917,5190,16558,26632,11,0.0009970259998226538
737,329.45098228376565,529.4394723232704,,11363,52387,27326,114046,45,0.0029538819944718853
750,0.020941115432731208,0.021321120251564518,,4,13,65,70,2,7.123500108718872e-05
752,39.260229869542,48.9381973349211,,1618,8857,21038,40855,13,0.0013934259914094582
755,12.899867435420145,14.354804640270208,,534,3014,12046,16948,9,0.0008259670139523223
751,131.75549451404,194.4617916618013,,6916,31247,23542,72815,29,0.002657936012838036
753,703.8149336821863,1196.4524022607407,,1848,19232,74436,331062,69,0.0014417609927477315
757,0.22051381040604962,0.23008278458992282,,14,72,412,476,5,0.00010807601211126894
758,0.022805470910645657,0.025888137554397672,,3,12,39,49,3,6.845299503766e-05
759,0.0785356108932252,0.08150939472343333,,6,35,181,202,4,7.928699778858572e-05
761,16.076841955169886,18.020900140149593,,624,3756,14163,20722,8,0.0008497300004819408
760,539.0431473252866,916.9021165368016,,837,13416,69049,244834,65,0.001144624999142252
749,498.75203546016337,936.6528965844343,,8916,56945,37645,218420,58,0.003911081003025174
754,158.3621671648406,238.43260449390883,,8210,36009,23623,77830,28,0.003576675007934682
766,60.48664880425871,79.47691999727638,,2527,13278,23706,54142,15,0.0013873449934180826
764,94.67839525358133,133.66458371411673,,4905,22886,23826,65600,24,0.0020843249949393794
769,0.002318352835772593,0.0023183528357723082,,1,2,9,9,1,5.520100239664316e-05
770,0.4975953729480539,0.5159483439423397,,47,266,1493,1633,4,0.00017944100545719266
762,149.09366946366035,225.22136563268248,,8189,34861,23380,76020,29,0.003121708010439761
756,579.9397075926781,1285.190813588159,,7215,55233,44659,300045,65,0.0037939850008115172
772,0.9843272278458157,1.0398280329688447,,108,618,3201,3619,5,0.0003560979967005551
767,672.7423527626779,1471.621166080518,,3571,31685,71040,463468,100,0.002439424002659507
763,183.86139457989847,278.3085043844736,,9144,39126,23998,80531,25,0.0030032469949219376
774,155.59374530830493,284.35916411912564,,203,4175,42257,102524,42,0.0009662490047048777
777,0.00620919943915392,0.006324693192763409,,1,4,15,16,2,5.5958007578738034e-05
778,10.739965115415979,11.847414407321281,,478,2733,11348,15643,8,0.0008060700056375936
773,113.81507209433443,166.9380557183143,,6088,28138,23397,70015,25,0.00226276800094638
779,0,0,,0,0,0,0,0,4.768700455315411e-05
768,214.34536876732605,328.2301674453198,,10486,44069,24100,86082,32,0.003613737993873656
765,507.81248321093415,905.6718086798571,,9547,57838,35888,192231,55,0.004147967993048951
780,0.2743680260149887,0.27851899445861017,,22,128,810,864,4,0.00013363000471144915
781,1.6116820560492022,1.7018485309712172,,147,897,4710,5569,6,0.0004726549959741533
776,699.7492151052796,1407.09456934803,,2116,22507,75459,407828,84,0.0023303659982047975
783,13.114654872633437,14.666009153573558,,572,3251,12885,18437,8,0.0008348679984919727
782,300.6107245893561,634.9649749341283,,351,9145,59855,205891,93,0.0011193779937457293
786,1.7366583484902878,1.8209880672503458,,180,886,4575,5328,6,0.0004923249944113195
771,429.60345369836574,749.6051138739111,,11124,56509,32212,163751,48,0.0035055110056418926
775,238.98508472609936,377.51390979801806,,11428,48179,24872,94077,32,0.003826069994829595
789,115.31089937802244,277.42462301473233,,104,3214,28986,86262,57,0.0008131700014928356
790,19.792071526794867,22.471893235319634,,807,4487,15499,23625,9,0.0009784639987628907
793,8.951360857152766,9.715644016280782,,430,2385,10058,13530,7,0.0007924630044726655
791,600.9915729118085,1333.7059492492851,,1163,20456,74413,333062,79,0.0017541900015203282
788,821.8932107438551,1552.7970819181835,,2649,28721,73469,397103,54,0.00276361100259237
784,609.4108327949041,1586.8087637649764,,5515,47299,56102,412510,72,0.0032917730131885037
795,0.0015906807933604098,0.0016272923677559392,,1,6,20,22,2,6.011800724081695e-05
785,728.4086061066447,1503.0826929007608,,5145,47561,58192,402698,71,0.003247196989832446
796,0.858287777492051,0.8906545181730032,,82,444,2290,2530,4,0.0002761189971351996
797,0.07542767486985656,0.07653119233437311,,5,29,164,176,4,0.00010370400559622794
798,0.057808077539436314,0.06836374893274755,,3,16,70,86,4,7.692100189160556e-05
799,25.99433656903241,30.405216026864323,,1052,5588,17620,29090,10,0.0010696730023482814
801,68.45829039629002,111.4074197350477,,68,1951,28053,68583,44,0.0007399169990094379
787,317.4261319746656,512.9417185065569,,11544,52248,27038,113820,34,0.0038490029983222485
802,0.4011481471913977,0.4209791230537422,,35,195,1058,1161,5,0.00014552900393027812
804,0,0,,0,0,0,0,0,4.904800152871758e-05
803,0.09660289573816604,0.09867205083415531,,17,65,359,385,3,0.0001174060016637668
806,2.001079310586535,2.1297653910583465,,156,1061,5558,6618,5,0.0005528510082513094
805,69.66047155642163,94.62586628441308,,3197,16512,23867,58881,17,0.0016515710012754425
807,9.89004497145227,10.899165325502334,,472,2649,10825,14770,8,0.000798072011093609
792,371.3295495913969,586.08593761067,,10810,52872,28227,119909,48,0.0038059939979575574
808,0.673894453155448,0.7078518841557023,,62,353,1827,2045,4,0.0002179930015699938
809,0.013129734202937011,0.013129734202936616,,2,7,44,44,1,6.885800394229591e-05
794,623.895284450121,1115.4904378674933,,8794,57630,39701,237795,61,0.0036052899959031492
810,563.6465119807597,1070.0943454015014,,1053,17469,71711,256338,86,0.0014774490118725225
812,25.425898865457626,29.471623457562007,,1014,5394,17306,27785,10,0.0010245989979011938
813,0,0,,0,0,0,0,0,4.621699918061495e-05
814,0.06659827645982169,0.06710085338480698,,5,23,153,161,2,7.151499448809773e-05
800,621.713387300544,1158.6054399119994,,8881,57356,41525,256451,57,0.003908358994522132
815,0.09181444690214821,0.09932830440518037,,5,32,155,180,4,7.724900206085294e-05
817,0.012967379402372923,0.01296737940237258,,1,12,100,100,1,0.00019377500575501472
818,63.84702121651357,85.10131237142213,,2856,14413,23758,55626,16,0.0013860670005669817
816,85.30247804310244,118.64119543959734,,4309,20437,24173,64344,20,0.0023146619932958856
821,0.05422669848191335,0.05799383829949434,,3,25,130,158,3,7.13540066499263e-05
820,250.95483103030156,488.66361932644304,,266,5890,50676,153498,46,0.0010039320040959865
811,218.79557628545504,341.58759009738355,,9920,44625,24640,90469,31,0.002667149994522333
822,263.01024090946447,522.0085619613243,,309,6893,50985,139021,87,0.0010016159940278158
825,0,0,,0,0,0,0,0,4.803699266631156e-05
826,83.51895564471127,116.14073235021027,,4178,20511,23916,63439,20,0.0022518890036735684
829,1.6433937994176255,1.715822964949799,,181,883,4433,5076,5,0.0005081299896119162
828,81.36578320493597,111.686825550828,,3968,19287,23947,61702,24,0.0017414119938621297
831,0.008151587442128334,0.008208378614556144,,1,5,38,40,2,6.901200686115772e-05
832,0.01131431378919325,0.011337161447527833,,1,6,47,49,2,6.206499529071152e-05
833,0.002963874749333627,0.0029638747493337947,,4,6,35,35,1,6.641399522777647e-05
819,314.1878404962167,522.4280245038511,,11062,52751,27821,120011,40,0.0037118809996172786
823,766.2612310702125,1687.9529876391457,,5305,42663,62223,450272,70,0.003099804001976736
830,637.1459916157633,1320.2028586231138,,2370,23815,74781,416878,118,0.002340613995329477
835,29.22096913076414,34.866225295583945,,1196,6480,18690,32207,11,0.001055539003573358
837,1.3696735960330502,1.443916448307148,,136,777,4080,4799,6,0.00042662899068091065
838,0.19073235488074247,0.20265118796084647,,19,112,603,671,5,0.00011714300489984453
827,807.0013754837045,1558.7801624542446,,6638,50696,53823,376716,56,0.0033926689939107746
839,0.45028444970288073,0.4620011535552623,,35,229,1298,1421,6,0.00016353900718968362
834,657.3607341486539,1529.8190482484176,,3805,36111,67970,458046,61,0.002738851006142795
840,0.22943781578829942,0.23882190275157988,,22,120,637,698,3,0.00020461599342525005
824,559.6231118542987,1114.4819786396502,,8854,57054,41477,262530,54,0.004078797006513923
843,261.8456596005204,492.3359327329123,,317,6874,50503,126338,72,0.0009119030000874773
841,687.1291660229799,1459.7837515792562,,2172,26208,74605,409760,54,0.0021421929995995015
844,36.17386470709292,44.138335061156816,,1410,7679,20154,37211,12,0.0010892479913309216
845,1.0308593644361868,1.077798088624047,,111,574,2901,3279,5,0.00033463299041613936
846,2.946059753433398,3.1429227457966595,,247,1436,6755,8244,7,0.0007391540129901841
847,6.639384512547635,7.14308540228368,,338,1956,9011,11681,7,0.0007424289942719042
842,152.23281609172128,223.8907780061349,,7904,34177,23476,74549,28,0.003081078000832349
849,0,0,,0,0,0,0,0,5.139601125847548e-05
836,420.55417258063983,695.6887380858017,,11626,56384,30491,145672,43,0.004034092999063432
851,0.09421291562056992,0.10233886914303658,,10,55,318,363,4,8.842399984132499e-05
852,0.9676266917456944,1.004654813750104,,83,532,2880,3241,5,0.0003123299975413829
850,96.31461167004424,135.43881367576506,,4681,22456,23974,66282,21,0.0018798780074575916
853,0.02107490358163574,0.02150477254408656,,5,32,201,215,3,7.548001303803176e-05
854,5.782968263305032,6.176653619455944,,313,1888,8480,10719,8,0.000734041997930035
855,0.9475657308800611,0.9818561882041256,,89,503,2640,2967,8,0.00030311400769278407
856,24.756287551325446,28.49621268150016,,948,5282,17287,27974,10,0.00104376400122419
858,0.03522409029667312,0.03838735179316499,,2,11,31,38,3,6.866500189062208e-05
848,183.86590591453574,279.25220657195985,,9614,40625,23665,81543,35,0.00347160900128074
860,0.20914425359973635,0.22037343342437243,,16,109,627,682,4,0.0001210790069308132
862,462.81488956649935,1045.086271078381,,723,13082,69266,296684,69,0.0011240020103286952
861,110.52495744624144,159.9049564451814,,5941,26914,23591,68597,27,0.0023401939979521558
865,9.000631395472693,9.860794939725912,,406,2406,10081,13385,7,0.0007821150065865368
866,0.16782936886363642,0.1736119524091344,,21,115,669,707,4,0.0001167150039691478
867,0.029704512572608133,0.038295686301680454,,1,5,23,30,3,7.030600681900978e-05
863,632.7001504657904,1454.413950875465,,3175,32754,70470,457015,103,0.0023190970096038654
868,0.0036350435460465553,0.0036787363366287407,,1,4,20,21,2,5.3499010391533375e-05
857,594.3366084280228,1259.8294777056408,,7237,54523,47369,331256,70,0.002888418996008113
871,2.6187580425965122,2.8042032702078625,,225,1384,6649,8138,6,0.0007368390070041642
872,0,0,,0,0,0,0,0,4.580299719236791e-05
859,381.32686846577786,630.086272509937,,10876,54504,29421,130975,42,0.003928719001123682
873,0,0,,0,0,0,0,0,5.0659989938139915e-05
876,0.013506851783313116,0.013687875494468371,,3,16,83,89,3,6.649900751654059e-05
864,237.3731371368606,362.1194280094295,,10693,45293,24508,89945,32,0.003544070990756154
878,0.029318131704493124,0.030089686448292352,,2,19,108,118,3,7.273000665009022e-05
875,761.4116024241097,1430.7584708231382,,2160,23022,75197,403689,84,0.002010928001254797
869,183.80129449561832,277.150962297825,,9172,39705,23900,81640,29,0.003460583000560291
880,0,0,,0,0,0,0,0,4.8856003559194505e-05
877,651.0356166481687,1525.2810079508279,,1515,24674,74174,385000,92,0.0020862209930783138
879,314.40109225914796,762.6118498911214,,344,9811,56018,205340,111,0.0010691079951357096
882,0.3552002129162009,0.3731362358705055,,39,216,1138,1265,5,0.00015700299991294742
883,1.4976422438990418,1.5808496155605274,,144,813,4304,5003,7,0.0004483179945964366
870,302.3328311689336,500.41264823170457,,10755,52090,27913,119949,43,0.003809820002061315
884,0.7249149820327886,0.7588930188193899,,51,320,1783,1986,5,0.00020579699776135385
885,0.1393569603346146,0.140516250402678,,10,77,432,450,3,9.491799573879689e-05
886,0.04539034758841147,0.04615756848470243,,5,27,119,126,3,7.51650077290833e-05
874,242.90946423833955,374.7024996130046,,11032,46657,24657,91234,29,0.003310191008495167
881,674.2439153426473,1606.2864174387275,,2092,28917,73809,472336,99,0.002409458000329323
888,0.12391076008910834,0.13064750315385532,,10,66,318,359,3,9.240600047633052e-05
887,57.52223226606044,75.69551343275559,,2493,13082,23126,52699,15,0.0013753899984294549
891,1.8809220507718818,2.003838978869346,,179,1059,5384,6461,6,0.0005677410081261769
893,54.87979384663752,71.15570456441276,,2307,11797,23033,50362,17,0.001403679998475127
896,0.0069612384633413625,0.0070942069682746745,,1,6,22,26,2,6.799900438636541e-05
897,0.2156179689245778,0.22607957548986912,,26,145,785,866,4,0.0001281340082641691
898,1.2456690430583697,1.3205744948601685,,114,594,2986,3473,5,0.00035491198650561273
899,5.003610075851274,5.406324477670493,,308,1712,7946,10158,7,0.0007578509976156056
895,76.6961729436886,104.84735394076709,,3598,17997,24164,61357,22,0.0019246960000600666
900,0.028029609698576295,0.028043788503634426,,3,17,119,120,2,6.793299689888954e-05
889,664.0628782109347,1395.46978748598,,5979,52866,51245,348218,80,0.003277167008491233
890,220.28408323984127,334.4347090794295,,10738,44127,24210,86306,35,0.003594323992729187
902,25.47699337304847,30.027438303918522,,1015,5649,17528,29040,11,0.0010738279961515218
892,743.3979826178243,1522.9032486084277,,5459,50665,54412,373107,67,0.0026417150074848905
901,89.66944703984836,125.33092501610933,,4411,20691,24346,65829,21,0.002248864999273792
905,1.365089525979417,1.444933556737554,,131,670,3414,3926,5,0.00037700698885601014
906,1.2927829001499866,1.3691546269048405,,134,679,3450,4005,6,0.00038664501335006207
907,51.35177341865653,76.80283005732032,,86,1846,24087,45126,27,0.0007403150084428489
908,5.411901622851465,5.776805116025751,,321,1776,8094,10155,6,0.0007739540014881641
894,559.3846153419812,1061.1133331520414,,9674,57816,39884,251923,51,0.004080319995409809
910,0,0,,0,0,0,0,0,5.061700358055532e-05
911,0.42718598126668006,0.4449670016726842,,33,188,1067,1180,4,0.0001461469946661964
904,132.8981734733885,196.11781747360396,,7262,31792,23334,72406,25,0.0028842539904871956
913,0.012916561481131166,0.01655103030338312,,1,10,29,43,4,6.36629993095994e-05
914,23.069011878399806,26.766203548978872,,896,5072,16631,26757,11,0.000936618002015166
915,0.0014426066160712625,0.001442606616071096,,1,2,8,8,1,5.696099833585322e-05
903,459.0964127671201,830.8948967973796,,9609,56820,34866,181188,52,0.0038615429948549718
917,71.41062018179849,96.19964997501569,,3231,16453,23851,58931,16,0.0016830020031193271
918,515.4793643666552,948.7092759548492,,932,15680,72264,267058,89,0.001280306008993648
912,178.8469354784883,273.2792279152556,,8961,39606,23927,81857,29,0.00332042999798432
921,10.74369648167607,11.78115929664229,,513,2838,11673,15951,8,0.0008182239980669692
920,263.75085860674625,601.6647523690057,,255,6690,51360,148339,76,0.000991562003036961
922,0.012308111220560356,0.012350510144035098,,1,9,36,37,2,6.473599933087826e-05
909,257.9782138869024,411.67239091458384,,11424,49270,25678,102401,37,0.003702988993609324
923,1.2696546706718572,1.3378248851755852,,117,716,3800,4401,5,0.00040127799729816616
925,0.009272527024955842,0.00945526146189446,,1,6,47,49,2,8.312700083479285e-05
926,12.114640353113206,13.498753043736928,,573,3082,12358,17333,8,0.0008124510059133172
928,0.009185156752529289,0.010051471060368522,,1,9,33,45,4,6.631499854847789e-05
916,597.0104696622369,1297.4959380858807,,7167,53402,48307,337473,61,0.0036879920080536976
929,0.3935321739566296,0.40640653413711436,,27,169,1037,1154,5,0.00014037100481800735
930,0.7798559344109075,0.8327525493280096,,72,439,2335,2634,6,0.00028304899751674384
931,4.544976384278987,4.888718853697675,,299,1717,8030,10232,9,0.0007790189993102103
932,82.89101229760806,188.9598608564418,,65,2301,25191,77166,64,0.0007320200093090534
933,0.15563427087444404,0.17095195413693665,,10,70,366,439,5,9.769799362402409e-05
927,643.0039315784414,1480.198840841376,,4869,49025,55712,399149,61,0.0032437310001114383
919,558.1866101020947,1157.773336825325,,7308,56778,42894,272331,70,0.003171352989738807
924,216.92011913846414,334.07049996225703,,10436,43984,24478,88533,37,0.0028135839966125786
935,525.0707310730567,857.2786777970414,,992,12779,68666,242441,69,0.0010449180117575452
934,91.57166024562117,128.56125828869355,,4592,21900,24009,65125,20,0.0021342980035115033
937,0.49652065472522805,0.5153386067269378,,35,228,1232,1388,4,0.00016445200890302658
938,0.37092424992299333,0.3862859807218705,,23,159,874,971,4,0.00018120600725524127
939,0.09067068603539853,0.10287505066034497,,5,40,253,292,5,8.529299520887434e-05
941,0.1334876152415695,0.13839257114103398,,8,57,248,282,5,8.778800838626921e-05
942,1.411901083001212,1.4910806306677418,,156,857,4445,5219,6,0.0004675759992096573
944,0.002951066862201021,0.002951066862200924,,1,1,6,6,1,5.695900472346693e-05
943,195.10365359574138,423.68895979956835,,181,5318,45295,159007,87,0.001006571008474566
946,33.00473404103234,39.82906710226704,,1367,7262,19885,35652,10,0.0011054859933210537
947,0.02927020824987085,0.03161867242131411,,5,26,138,144,2,7.640699914190918e-05
948,58.366756685519476,76.94995427675008,,2635,13842,23261,54016,17,0.001803441991796717
949,576.1290503457953,1092.1741999390665,,1046,17574,70329,264035,96,0.0014420880033867434
936,402.31533383596377,725.0162686447044,,10648,56755,32133,161857,48,0.003778860002057627
952,1.0121216736666874,1.052347832146864,,100,537,2817,3152,6,0.0003232689923606813
940,256.894368675717,407.7337868841514,,10621,48012,25715,100253,33,0.0037140060012461618
945,795.4528419692161,1580.365739726068,,5897,48084,57558,405414,61,0.002773356987745501
951,736.7961515361415,1644.851200604805,,3047,34254,70323,447237,102,0.002069291003863327
950,112.10549925956938,162.4464342881227,,6145,27366,23709,69978,27,0.0019633729971246794
957,18.466914800887054,21.253197782846854,,764,4303,15028,23168,10,0.0009234009921783581
958,396.10739404304894,817.6908443670611,,525,10203,64768,224082,75,0.0009785300062503666
956,107.24276782093567,156.62587717079649,,5840,26643,23558,69721,19,0.0018822989950422198
961,9.473614525403198,10.34765107404948,,425,2495,10727,14330,7,0.0007331840024562553
960,65.10203138766381,87.4133337173327,,3003,15329,23943,57636,18,0.001201186008984223
962,23.550520679895975,27.40990210259845,,917,5083,16768,27033,10,0.0009003849991131574
959,673.9124791782182,1291.1403762341504,,1838,19698,75625,373593,79,0.001468161994125694
953,615.5242453349703,1323.0286857778192,,7127,52848,48859,340012,57,0.0023377920006169006
954,438.526139674678,791.1625539817975,,10703,57553,34012,180881,46,0.002663957988261245
955,384.7147450930278,639.9012853214704,,10576,54862,29904,139188,44,0.0026861710066441447
963,200.74412641181078,307.44557857665916,,9594,42335,24174,84699,32,0.001958474997081794
