G,budget,policy,transmission_rate,transmission_known,compliance_rate,compliance_known,snitch_rate,from_cache,k_1,k_2,trial_id,infection_count,infections_step
montgomery,750,none,0.05,True,-1,True,1,mont.json,0.01,0.7,4,40854,"[0, 10, 7, 12, 20, 52, 80, 160, 269, 457, 763, 1247, 1976, 2941, 3989, 5077, 5546, 5238, 4439, 3170, 2154, 1349, 849, 495, 257, 157, 64, 43, 23, 5, 4, 1, 0]"
montgomery,750,none,0.05,True,-1,True,1,mont.json,0.01,0.7,9,40463,"[0, 10, 7, 12, 20, 52, 80, 160, 269, 448, 731, 1163, 1783, 2714, 3844, 4943, 5534, 5281, 4440, 3369, 2266, 1444, 850, 504, 275, 148, 74, 27, 13, 2, 0]"
montgomery,750,none,0.05,True,-1,True,1,mont.json,0.01,0.7,5,40706,"[0, 10, 7, 12, 20, 52, 80, 160, 269, 479, 774, 1232, 1913, 2822, 4010, 4936, 5552, 5365, 4466, 3249, 2115, 1334, 854, 457, 268, 143, 79, 29, 14, 2, 2, 0, 1, 0]"
montgomery,750,none,0.05,True,-1,True,1,mont.json,0.01,0.7,3,40521,"[0, 10, 7, 12, 20, 52, 80, 160, 269, 459, 682, 1147, 1814, 2725, 3855, 4884, 5508, 5474, 4579, 3386, 2137, 1416, 767, 474, 275, 145, 92, 52, 25, 11, 3, 1, 0]"
montgomery,750,none,0.05,True,-1,True,1,mont.json,0.01,0.7,2,40471,"[0, 10, 7, 12, 20, 52, 80, 160, 269, 487, 710, 1246, 1811, 2885, 3924, 4933, 5493, 5195, 4460, 3268, 2177, 1353, 820, 495, 269, 157, 79, 61, 27, 8, 2, 1, 0]"
montgomery,750,none,0.05,True,-1,True,1,mont.json,0.01,0.7,0,40509,"[0, 10, 7, 12, 20, 52, 80, 160, 269, 469, 786, 1283, 1991, 3062, 4181, 5289, 5602, 5110, 4101, 3084, 1999, 1228, 756, 424, 254, 151, 71, 36, 21, 1, 0]"
montgomery,750,none,0.05,True,-1,True,1,mont.json,0.01,0.7,6,40908,"[0, 10, 7, 12, 20, 52, 80, 160, 269, 510, 826, 1382, 2099, 3120, 4316, 5251, 5794, 5264, 4263, 2934, 1894, 1157, 697, 359, 212, 107, 65, 28, 10, 7, 2, 1, 0]"
montgomery,750,none,0.05,True,-1,True,1,mont.json,0.01,0.7,1,40175,"[0, 10, 7, 12, 20, 52, 80, 160, 269, 485, 724, 1180, 1796, 2740, 3853, 4819, 5543, 5185, 4347, 3137, 2260, 1444, 878, 513, 292, 160, 105, 44, 35, 17, 5, 1, 2, 0]"
montgomery,750,none,0.05,True,-1,True,1,mont.json,0.01,0.7,7,40714,"[0, 10, 7, 12, 20, 52, 80, 160, 269, 490, 758, 1169, 1892, 2947, 4081, 5252, 5604, 5295, 4379, 3102, 2109, 1297, 796, 410, 259, 133, 62, 42, 20, 7, 0]"
montgomery,750,none,0.05,True,-1,True,1,mont.json,0.01,0.7,8,40571,"[0, 10, 7, 12, 20, 52, 80, 160, 269, 494, 757, 1227, 1895, 2903, 3943, 4876, 5301, 5202, 4392, 3319, 2311, 1419, 864, 498, 252, 171, 68, 43, 14, 11, 0, 1, 0]"
montgomery,750,none,0.05,True,-1,True,1,mont.json,0.02,0.7,0,40712,"[0, 10, 7, 12, 20, 52, 80, 160, 269, 469, 725, 1205, 1907, 2767, 3959, 5077, 5678, 5294, 4473, 3274, 2140, 1337, 769, 488, 276, 136, 74, 40, 9, 5, 0]"
montgomery,750,none,0.05,True,-1,True,1,mont.json,0.02,0.7,2,40512,"[0, 10, 7, 12, 20, 52, 80, 160, 269, 477, 794, 1301, 2032, 3088, 4247, 5290, 5520, 5142, 4230, 3013, 1970, 1241, 708, 390, 212, 138, 53, 41, 13, 1, 1, 0]"
montgomery,750,none,0.05,True,-1,True,1,mont.json,0.02,0.7,1,40350,"[0, 10, 7, 12, 20, 52, 80, 160, 269, 491, 760, 1207, 1911, 2936, 4005, 5119, 5502, 5241, 4286, 3086, 2028, 1263, 787, 473, 288, 175, 100, 52, 22, 6, 1, 1, 0]"
montgomery,750,none,0.05,True,-1,True,1,mont.json,0.02,0.7,4,40272,"[0, 10, 7, 12, 20, 52, 80, 160, 269, 474, 713, 1202, 1846, 2816, 3942, 4989, 5471, 5319, 4416, 3214, 2075, 1342, 791, 477, 285, 147, 64, 48, 15, 13, 3, 0]"
montgomery,750,none,0.05,True,-1,True,1,mont.json,0.02,0.7,6,40477,"[0, 10, 7, 12, 20, 52, 80, 160, 269, 465, 688, 1150, 1901, 2788, 3872, 4931, 5415, 5324, 4523, 3371, 2250, 1351, 770, 483, 292, 148, 88, 38, 15, 4, 0]"
montgomery,750,none,0.05,True,-1,True,1,mont.json,0.02,0.7,3,40466,"[0, 10, 7, 12, 20, 52, 80, 160, 269, 453, 777, 1224, 1948, 2926, 3995, 4837, 5436, 5231, 4337, 3213, 2194, 1382, 848, 492, 278, 145, 83, 36, 15, 5, 1, 0]"
montgomery,750,none,0.05,True,-1,True,1,mont.json,0.02,0.7,5,40657,"[0, 10, 7, 12, 20, 52, 80, 160, 269, 450, 733, 1169, 1824, 2737, 3752, 4702, 5267, 5312, 4573, 3503, 2394, 1525, 897, 515, 323, 180, 105, 43, 28, 10, 2, 3, 0]"
montgomery,750,none,0.05,True,-1,True,1,mont.json,0.02,0.7,8,40567,"[0, 10, 7, 12, 20, 52, 80, 160, 269, 496, 759, 1265, 1960, 3001, 4029, 5142, 5663, 5141, 4224, 3107, 2096, 1317, 739, 441, 255, 165, 87, 46, 20, 3, 1, 0]"
montgomery,750,none,0.05,True,-1,True,1,mont.json,0.02,0.7,7,40678,"[0, 10, 7, 12, 20, 52, 80, 160, 269, 469, 767, 1269, 2018, 3120, 4293, 5429, 5682, 5230, 4165, 2959, 1908, 1123, 731, 427, 223, 128, 69, 37, 14, 3, 3, 1, 0]"
montgomery,750,none,0.05,True,-1,True,1,mont.json,0.02,0.7,9,40515,"[0, 10, 7, 12, 20, 52, 80, 160, 269, 471, 704, 1115, 1692, 2575, 3586, 4681, 5303, 5437, 4694, 3497, 2408, 1547, 874, 544, 358, 196, 114, 62, 23, 17, 5, 2, 0]"
montgomery,750,none,0.05,True,-1,True,1,mont.json,0.03,0.7,5,40547,"[0, 10, 7, 12, 20, 52, 80, 160, 269, 481, 772, 1186, 1997, 2953, 4206, 5150, 5552, 5224, 4243, 2994, 2091, 1337, 770, 468, 264, 142, 67, 28, 11, 1, 0]"
montgomery,750,none,0.05,True,-1,True,1,mont.json,0.03,0.7,3,40413,"[0, 10, 7, 12, 20, 52, 80, 160, 269, 472, 790, 1210, 1912, 2910, 4017, 5025, 5546, 5204, 4333, 3128, 2118, 1293, 796, 484, 280, 167, 69, 39, 10, 0]"
montgomery,750,none,0.05,True,-1,True,1,mont.json,0.03,0.7,8,40637,"[0, 10, 7, 12, 20, 52, 80, 160, 269, 456, 802, 1258, 2003, 2953, 4177, 5077, 5623, 5280, 4198, 3119, 2054, 1308, 758, 443, 249, 148, 81, 30, 5, 5, 0]"
montgomery,750,none,0.05,True,-1,True,1,mont.json,0.03,0.7,7,40629,"[0, 10, 7, 12, 20, 52, 80, 160, 269, 469, 745, 1169, 1951, 2874, 4027, 5250, 5720, 5301, 4335, 3055, 2113, 1260, 780, 456, 258, 139, 76, 31, 9, 1, 0]"
montgomery,750,none,0.05,True,-1,True,1,mont.json,0.03,0.7,4,40597,"[0, 10, 7, 12, 20, 52, 80, 160, 269, 494, 780, 1253, 2039, 3055, 4079, 5068, 5460, 5005, 4206, 3232, 2133, 1317, 798, 459, 263, 167, 95, 57, 21, 6, 0]"
montgomery,750,none,0.05,True,-1,True,1,mont.json,0.1,0.7,9,40299,"[0, 10, 7, 12, 20, 52, 80, 160, 269, 507, 799, 1261, 1988, 2929, 3927, 5029, 5494, 5222, 4301, 3077, 2081, 1295, 780, 455, 240, 157, 77, 46, 21, 3, 0]"
montgomery,750,none,0.05,True,-1,True,1,mont.json,0.03,0.7,2,40657,"[0, 10, 7, 12, 20, 52, 80, 160, 269, 495, 799, 1275, 2000, 2957, 4113, 4918, 5550, 5246, 4286, 3121, 2086, 1341, 793, 508, 247, 160, 77, 42, 25, 7, 1, 0]"
montgomery,750,none,0.05,True,-1,True,1,mont.json,0.03,0.7,6,40363,"[0, 10, 7, 12, 20, 52, 80, 160, 269, 474, 719, 1125, 1848, 2817, 3963, 4923, 5498, 5288, 4385, 3236, 2122, 1369, 871, 525, 287, 162, 90, 36, 8, 5, 1, 1, 0]"
montgomery,750,none,0.05,True,-1,True,1,mont.json,0.1,0.7,7,40227,"[0, 10, 7, 12, 20, 52, 80, 160, 269, 449, 690, 1110, 1810, 2665, 3894, 5016, 5566, 5286, 4500, 3250, 2175, 1367, 836, 493, 246, 135, 75, 34, 19, 1, 0]"
montgomery,750,none,0.05,True,-1,True,1,mont.json,0.03,0.7,1,40596,"[0, 10, 7, 12, 20, 52, 80, 160, 269, 487, 776, 1277, 2044, 2941, 4089, 5162, 5563, 5297, 4275, 3085, 2062, 1254, 728, 445, 235, 128, 65, 38, 23, 11, 0, 1, 0]"
montgomery,750,none,0.05,True,-1,True,1,mont.json,0.03,0.7,0,40705,"[0, 10, 7, 12, 20, 52, 80, 160, 269, 489, 786, 1301, 1924, 2906, 4014, 5109, 5612, 5305, 4344, 3147, 2119, 1271, 809, 461, 254, 127, 68, 30, 14, 3, 2, 0]"
montgomery,750,none,0.05,True,-1,True,1,mont.json,0.1,0.7,6,40230,"[0, 10, 7, 12, 20, 52, 80, 160, 269, 462, 718, 1216, 1802, 2824, 3917, 4941, 5521, 5305, 4336, 3159, 2138, 1373, 788, 513, 275, 170, 95, 47, 16, 3, 0, 1, 0]"
montgomery,750,none,0.05,True,-1,True,1,mont.json,0.1,0.7,8,40118,"[0, 10, 7, 12, 20, 52, 80, 160, 269, 454, 717, 1084, 1772, 2769, 3959, 4946, 5569, 5218, 4456, 3280, 2164, 1314, 799, 464, 268, 137, 80, 37, 16, 4, 1, 0]"
montgomery,750,none,0.05,True,-1,True,1,mont.json,0.1,0.7,4,40145,"[0, 10, 7, 12, 20, 52, 80, 160, 269, 485, 768, 1201, 1934, 2871, 4042, 5039, 5620, 5126, 4296, 3045, 2002, 1225, 792, 482, 290, 149, 84, 53, 21, 9, 0, 1, 0]"
montgomery,750,none,0.05,True,-1,True,1,mont.json,0.1,0.7,5,40433,"[0, 10, 7, 12, 20, 52, 80, 160, 269, 470, 759, 1238, 1878, 2763, 3979, 4986, 5558, 5268, 4344, 3097, 2121, 1422, 855, 516, 256, 173, 81, 38, 15, 4, 2, 0]"
montgomery,750,none,0.05,True,-1,True,1,mont.json,0.04,0.7,1,40411,"[0, 10, 7, 12, 20, 52, 80, 160, 269, 456, 707, 1142, 1745, 2698, 3759, 4842, 5493, 5318, 4539, 3360, 2331, 1459, 868, 476, 298, 159, 83, 44, 15, 5, 4, 0]"
montgomery,750,none,0.05,True,-1,True,1,mont.json,0.03,0.7,9,40626,"[0, 10, 7, 12, 20, 52, 80, 160, 269, 484, 694, 1192, 1856, 2781, 3965, 4944, 5566, 5234, 4377, 3247, 2314, 1451, 831, 478, 294, 148, 78, 54, 15, 8, 1, 1, 2, 0, 1, 0]"
montgomery,750,none,0.05,True,-1,True,1,mont.json,0.04,0.7,4,40193,"[0, 10, 7, 12, 20, 52, 80, 160, 269, 485, 788, 1298, 1987, 3025, 4295, 5148, 5472, 5052, 4110, 2986, 2010, 1268, 714, 422, 235, 148, 69, 43, 17, 3, 8, 0]"
montgomery,750,none,0.05,True,-1,True,1,mont.json,0.04,0.7,5,40429,"[0, 10, 7, 12, 20, 52, 80, 160, 269, 487, 749, 1195, 1877, 2784, 3932, 4984, 5574, 5280, 4431, 3231, 2126, 1371, 759, 495, 263, 157, 74, 36, 12, 2, 0]"
montgomery,750,none,0.05,True,-1,True,1,mont.json,0.04,0.7,0,40571,"[0, 10, 7, 12, 20, 52, 80, 160, 269, 502, 796, 1252, 1974, 2912, 3914, 4896, 5495, 5329, 4449, 3172, 2098, 1302, 791, 443, 283, 145, 111, 53, 30, 13, 1, 0]"
montgomery,750,none,0.05,True,-1,True,1,mont.json,0.04,0.7,7,40429,"[0, 10, 7, 12, 20, 52, 80, 160, 269, 486, 756, 1243, 1971, 2894, 4024, 4992, 5564, 5169, 4312, 3238, 2040, 1327, 813, 459, 251, 155, 81, 30, 10, 1, 3, 0]"
montgomery,750,none,0.05,True,-1,True,1,mont.json,0.04,0.7,2,40535,"[0, 10, 7, 12, 20, 52, 80, 160, 269, 473, 768, 1237, 1906, 2902, 3960, 4920, 5412, 5283, 4380, 3303, 2130, 1365, 815, 470, 274, 149, 97, 48, 18, 14, 0, 1, 0]"
montgomery,750,none,0.05,True,-1,True,1,mont.json,0.04,0.7,9,40858,"[0, 10, 7, 12, 20, 52, 80, 160, 269, 494, 672, 1187, 1841, 2773, 4005, 5070, 5727, 5445, 4498, 3241, 2196, 1293, 752, 479, 269, 150, 85, 42, 20, 7, 2, 0]"
montgomery,750,none,0.05,True,-1,True,1,mont.json,0.04,0.7,6,40436,"[0, 10, 7, 12, 20, 52, 80, 160, 269, 485, 731, 1238, 1947, 2959, 4054, 5074, 5555, 5303, 4376, 3124, 2060, 1251, 776, 420, 245, 124, 57, 33, 14, 0]"
montgomery,750,none,0.05,True,-1,True,1,mont.json,0.04,0.7,8,40285,"[0, 10, 7, 12, 20, 52, 80, 160, 269, 480, 739, 1202, 1875, 2734, 3937, 4885, 5444, 5128, 4375, 3222, 2268, 1388, 906, 483, 287, 165, 88, 40, 20, 6, 3, 0]"
montgomery,750,none,0.05,True,-1,True,1,mont.json,0.1,0.7,2,40287,"[0, 10, 7, 12, 20, 52, 80, 160, 269, 459, 749, 1138, 1838, 2724, 3881, 4875, 5517, 5384, 4471, 3353, 2180, 1359, 746, 481, 244, 140, 69, 43, 15, 9, 1, 1, 0]"
montgomery,750,none,0.05,True,-1,True,1,mont.json,0.1,0.7,1,40122,"[0, 10, 7, 12, 20, 52, 80, 160, 269, 468, 688, 1157, 1877, 2808, 4040, 5135, 5650, 5324, 4211, 3052, 2019, 1306, 764, 475, 250, 147, 78, 40, 16, 4, 3, 0]"
montgomery,750,none,0.05,True,-1,True,1,mont.json,0.1,0.7,0,40368,"[0, 10, 7, 12, 20, 52, 80, 160, 269, 458, 810, 1256, 2012, 3031, 4009, 5182, 5528, 5296, 4107, 3057, 1949, 1248, 764, 460, 275, 156, 85, 50, 18, 7, 0]"
montgomery,750,none,0.05,True,-1,True,1,mont.json,0.05,0.7,6,40516,"[0, 10, 7, 12, 20, 52, 80, 160, 269, 466, 703, 1135, 1806, 2765, 3818, 4929, 5626, 5347, 4515, 3293, 2240, 1384, 834, 474, 290, 159, 84, 32, 6, 0]"
montgomery,750,none,0.05,True,-1,True,1,mont.json,0.05,0.7,0,40403,"[0, 10, 7, 12, 20, 52, 80, 160, 269, 499, 811, 1230, 1975, 3078, 4078, 5035, 5415, 5092, 4262, 3106, 2047, 1292, 800, 446, 291, 163, 98, 43, 20, 6, 6, 0]"
montgomery,750,none,0.05,True,-1,True,1,mont.json,0.1,0.7,3,40516,"[0, 10, 7, 12, 20, 52, 80, 160, 269, 434, 683, 1110, 1766, 2632, 3761, 4759, 5236, 5313, 4460, 3587, 2353, 1535, 948, 573, 337, 201, 106, 53, 34, 15, 8, 2, 0]"
montgomery,750,none,0.05,True,-1,True,1,mont.json,0.06,0.7,1,40481,"[0, 10, 7, 12, 20, 52, 80, 160, 269, 481, 784, 1260, 2036, 3024, 4079, 5199, 5483, 5257, 4229, 3051, 1982, 1281, 723, 467, 268, 129, 85, 36, 13, 4, 0]"
montgomery,750,none,0.05,True,-1,True,1,mont.json,0.04,0.7,3,40356,"[0, 10, 7, 12, 20, 52, 80, 160, 269, 474, 784, 1186, 1910, 2810, 3964, 4878, 5527, 5293, 4310, 3236, 2107, 1396, 801, 507, 275, 141, 76, 42, 17, 8, 2, 1, 1, 0]"
montgomery,750,none,0.05,True,-1,True,1,mont.json,0.06,0.7,0,40387,"[0, 10, 7, 12, 20, 52, 80, 160, 269, 495, 777, 1263, 2014, 3035, 4172, 5130, 5610, 5249, 4113, 3049, 1991, 1240, 731, 400, 259, 140, 62, 32, 12, 3, 0]"
montgomery,750,none,0.05,True,-1,True,1,mont.json,0.09,0.7,9,40300,"[0, 10, 7, 12, 20, 52, 80, 160, 269, 497, 720, 1136, 1826, 2696, 3828, 4799, 5454, 5247, 4380, 3375, 2255, 1458, 891, 519, 288, 159, 85, 47, 18, 10, 0, 2, 0]"
montgomery,750,none,0.05,True,-1,True,1,mont.json,0.05,0.7,3,40398,"[0, 10, 7, 12, 20, 52, 80, 160, 269, 498, 774, 1312, 2030, 3044, 4110, 5175, 5460, 5237, 4170, 3037, 1973, 1243, 785, 439, 232, 137, 77, 40, 13, 1, 1, 0]"
montgomery,750,none,0.05,True,-1,True,1,mont.json,0.05,0.7,9,40699,"[0, 10, 7, 12, 20, 52, 80, 160, 269, 469, 719, 1132, 1768, 2635, 3792, 4922, 5485, 5295, 4470, 3389, 2293, 1491, 961, 558, 334, 182, 109, 47, 28, 8, 2, 0]"
montgomery,750,none,0.05,True,-1,True,1,mont.json,0.05,0.7,2,40225,"[0, 10, 7, 12, 20, 52, 80, 160, 269, 460, 739, 1166, 1900, 2887, 4097, 5172, 5548, 5280, 4311, 3032, 2022, 1247, 793, 445, 234, 126, 83, 38, 27, 7, 1, 0]"
montgomery,750,none,0.05,True,-1,True,1,mont.json,0.09,0.7,7,40030,"[0, 10, 7, 12, 20, 52, 80, 160, 269, 451, 732, 1146, 1820, 2721, 3764, 4797, 5277, 5202, 4480, 3372, 2250, 1417, 861, 488, 299, 167, 95, 51, 23, 7, 0]"
montgomery,750,none,0.05,True,-1,True,1,mont.json,0.05,0.7,7,40505,"[0, 10, 7, 12, 20, 52, 80, 160, 269, 505, 832, 1259, 2009, 2999, 4113, 5000, 5531, 5135, 4293, 3135, 2108, 1341, 697, 449, 239, 134, 62, 37, 13, 2, 1, 1, 0]"
montgomery,750,none,0.05,True,-1,True,1,mont.json,0.05,0.7,5,40030,"[0, 10, 7, 12, 20, 52, 80, 160, 269, 485, 740, 1171, 1857, 2783, 3901, 4899, 5423, 5251, 4451, 3230, 2159, 1327, 819, 409, 237, 147, 58, 41, 22, 9, 1, 0]"
montgomery,750,none,0.05,True,-1,True,1,mont.json,0.09,0.7,6,40497,"[0, 10, 7, 12, 20, 52, 80, 160, 269, 453, 679, 1080, 1810, 2650, 3824, 4947, 5496, 5286, 4548, 3332, 2311, 1448, 892, 510, 289, 170, 83, 44, 24, 8, 2, 1, 0]"
montgomery,750,none,0.05,True,-1,True,1,mont.json,0.09,0.7,8,40404,"[0, 10, 7, 12, 20, 52, 80, 160, 269, 480, 702, 1099, 1801, 2634, 3719, 4771, 5496, 5361, 4600, 3372, 2299, 1423, 891, 501, 290, 171, 103, 48, 26, 5, 2, 0]"
montgomery,750,none,0.05,True,-1,True,1,mont.json,0.05,0.7,1,40397,"[0, 10, 7, 12, 20, 52, 80, 160, 269, 480, 799, 1291, 1961, 2847, 4001, 4959, 5557, 5192, 4280, 3145, 2127, 1321, 784, 479, 261, 155, 69, 48, 24, 4, 2, 1, 0]"
montgomery,750,none,0.05,True,-1,True,1,mont.json,0.09,0.7,5,40508,"[0, 10, 7, 12, 20, 52, 80, 160, 269, 500, 740, 1156, 1833, 2733, 3849, 4859, 5497, 5420, 4491, 3354, 2219, 1386, 846, 458, 253, 158, 80, 45, 14, 7, 0]"
montgomery,750,none,0.05,True,-1,True,1,mont.json,0.05,0.7,4,40349,"[0, 10, 7, 12, 20, 52, 80, 160, 269, 463, 689, 1130, 1803, 2781, 3966, 4841, 5486, 5210, 4421, 3315, 2225, 1429, 839, 524, 281, 154, 100, 47, 24, 9, 1, 0, 1, 0]"
montgomery,750,none,0.05,True,-1,True,1,mont.json,0.05,0.7,8,40382,"[0, 10, 7, 12, 20, 52, 80, 160, 269, 493, 772, 1282, 1965, 2934, 4054, 5071, 5418, 5134, 4170, 3163, 2100, 1342, 771, 507, 280, 151, 84, 46, 27, 3, 3, 1, 1, 0]"
montgomery,750,none,0.05,True,-1,True,1,mont.json,0.09,0.7,4,40246,"[0, 10, 7, 12, 20, 52, 80, 160, 269, 477, 729, 1178, 1860, 2754, 3921, 4915, 5566, 5328, 4448, 3243, 2139, 1371, 779, 438, 250, 123, 63, 37, 11, 5, 1, 0]"
montgomery,750,none,0.05,True,-1,True,1,mont.json,0.06,0.7,7,40390,"[0, 10, 7, 12, 20, 52, 80, 160, 269, 468, 757, 1265, 1966, 2991, 4125, 5264, 5488, 5205, 4149, 3005, 2070, 1299, 696, 461, 279, 148, 85, 38, 12, 7, 0, 1, 1, 0]"
montgomery,750,none,0.05,True,-1,True,1,mont.json,0.09,0.7,3,40303,"[0, 10, 7, 12, 20, 52, 80, 160, 269, 483, 771, 1215, 1901, 2989, 4109, 5045, 5407, 5273, 4093, 3139, 2084, 1352, 764, 491, 278, 162, 73, 39, 15, 7, 3, 0]"
montgomery,750,none,0.05,True,-1,True,1,mont.json,0.06,0.7,2,40415,"[0, 10, 7, 12, 20, 52, 80, 160, 269, 469, 764, 1224, 1880, 2788, 3873, 4985, 5533, 5287, 4413, 3222, 2151, 1369, 824, 481, 257, 141, 73, 42, 22, 2, 4, 1, 0]"
montgomery,750,none,0.05,True,-1,True,1,mont.json,0.08,0.7,1,40692,"[0, 10, 7, 12, 20, 52, 80, 160, 269, 476, 750, 1187, 1806, 2847, 3924, 5058, 5528, 5265, 4504, 3346, 2162, 1374, 793, 476, 308, 145, 78, 28, 21, 6, 0]"
montgomery,750,none,0.05,True,-1,True,1,mont.json,0.06,0.7,5,40325,"[0, 10, 7, 12, 20, 52, 80, 160, 269, 463, 668, 1123, 1753, 2677, 3747, 4748, 5306, 5315, 4503, 3464, 2375, 1548, 877, 522, 294, 158, 85, 55, 25, 5, 2, 2, 0]"
montgomery,750,none,0.05,True,-1,True,1,mont.json,0.08,0.7,7,40347,"[0, 10, 7, 12, 20, 52, 80, 160, 269, 444, 732, 1140, 1836, 2831, 3966, 5028, 5579, 5312, 4375, 3165, 2162, 1364, 810, 469, 251, 129, 79, 46, 13, 5, 1, 0]"
montgomery,750,none,0.05,True,-1,True,1,mont.json,0.06,0.7,3,40568,"[0, 10, 7, 12, 20, 52, 80, 160, 269, 489, 758, 1257, 2037, 3028, 4124, 5036, 5489, 5102, 4286, 3060, 2117, 1296, 817, 462, 302, 151, 87, 35, 18, 3, 2, 2, 0]"
montgomery,750,none,0.05,True,-1,True,1,mont.json,0.09,0.7,2,40106,"[0, 10, 7, 12, 20, 52, 80, 160, 269, 462, 678, 1161, 1710, 2646, 3606, 4635, 5262, 5339, 4658, 3484, 2297, 1455, 918, 555, 308, 160, 91, 48, 19, 3, 1, 0]"
montgomery,750,none,0.05,True,-1,True,1,mont.json,0.06,0.7,4,40385,"[0, 10, 7, 12, 20, 52, 80, 160, 269, 446, 734, 1192, 1905, 2893, 4013, 5099, 5688, 5213, 4353, 3164, 2087, 1309, 755, 427, 243, 139, 70, 29, 12, 4, 0]"
montgomery,750,none,0.05,True,-1,True,1,mont.json,0.09,0.7,1,40229,"[0, 10, 7, 12, 20, 52, 80, 160, 269, 489, 846, 1392, 2093, 3109, 4337, 5273, 5517, 5042, 3948, 2913, 1879, 1203, 698, 426, 230, 111, 70, 26, 11, 3, 0, 2, 1, 0]"
montgomery,750,none,0.05,True,-1,True,1,mont.json,0.07,0.7,8,40460,"[0, 10, 7, 12, 20, 52, 80, 160, 269, 450, 750, 1216, 1898, 2826, 3991, 5003, 5420, 5266, 4449, 3066, 2255, 1369, 818, 468, 300, 148, 87, 36, 25, 5, 3, 1, 0]"
montgomery,750,none,0.05,True,-1,True,1,mont.json,0.06,0.7,8,40330,"[0, 10, 7, 12, 20, 52, 80, 160, 269, 470, 759, 1202, 1855, 2744, 3874, 4995, 5578, 5367, 4403, 3218, 2161, 1315, 812, 432, 246, 147, 80, 36, 14, 8, 2, 1, 1, 0]"
montgomery,750,none,0.05,True,-1,True,1,mont.json,0.06,0.7,6,40182,"[0, 10, 7, 12, 20, 52, 80, 160, 269, 470, 783, 1253, 1981, 2932, 4077, 5039, 5474, 5160, 4159, 3088, 2040, 1298, 776, 435, 274, 159, 95, 46, 21, 11, 1, 0]"
montgomery,750,none,0.05,True,-1,True,1,mont.json,0.07,0.7,4,40578,"[0, 10, 7, 12, 20, 52, 80, 160, 269, 450, 742, 1144, 1891, 2880, 4028, 5056, 5579, 5407, 4429, 3157, 2115, 1299, 812, 445, 262, 135, 82, 39, 11, 3, 2, 0]"
montgomery,750,none,0.05,True,-1,True,1,mont.json,0.06,0.7,9,40456,"[0, 10, 7, 12, 20, 52, 80, 160, 269, 465, 787, 1203, 1933, 2837, 3947, 4957, 5413, 5269, 4310, 3209, 2165, 1360, 837, 532, 275, 186, 79, 48, 23, 7, 3, 1, 0]"
montgomery,750,none,0.05,True,-1,True,1,mont.json,0.08,0.7,2,40478,"[0, 10, 7, 12, 20, 52, 80, 160, 269, 468, 747, 1173, 1873, 2692, 3804, 4904, 5466, 5261, 4329, 3291, 2268, 1432, 924, 562, 306, 180, 104, 47, 34, 2, 1, 0]"
montgomery,750,none,0.05,True,-1,True,1,mont.json,0.07,0.7,5,40464,"[0, 10, 7, 12, 20, 52, 80, 160, 269, 484, 753, 1179, 1803, 2672, 3888, 4852, 5515, 5301, 4504, 3389, 2190, 1393, 825, 506, 256, 180, 88, 46, 18, 10, 2, 0]"
montgomery,750,none,0.05,True,-1,True,1,mont.json,0.07,0.7,2,40191,"[0, 10, 7, 12, 20, 52, 80, 160, 269, 471, 760, 1200, 1883, 2796, 3780, 4865, 5318, 5224, 4334, 3230, 2258, 1434, 908, 484, 308, 165, 97, 37, 21, 7, 1, 0]"
montgomery,750,none,0.05,True,-1,True,1,mont.json,0.09,0.7,0,40265,"[0, 10, 7, 12, 20, 52, 80, 160, 269, 484, 770, 1286, 2016, 2855, 4017, 4925, 5557, 5194, 4193, 3139, 2063, 1272, 791, 483, 280, 169, 78, 47, 24, 10, 2, 0]"
montgomery,750,none,0.05,True,-1,True,1,mont.json,0.08,0.7,8,40055,"[0, 10, 7, 12, 20, 52, 80, 160, 269, 481, 737, 1166, 1854, 2626, 3732, 4834, 5439, 5235, 4431, 3273, 2238, 1418, 855, 537, 269, 158, 92, 43, 19, 5, 3, 0]"
montgomery,750,none,0.05,True,-1,True,1,mont.json,0.07,0.7,0,40576,"[0, 10, 7, 12, 20, 52, 80, 160, 269, 507, 759, 1201, 1870, 2868, 3944, 5000, 5490, 5123, 4402, 3318, 2177, 1431, 809, 482, 284, 163, 69, 39, 17, 8, 4, 1, 0]"
montgomery,750,none,0.05,True,-1,True,1,mont.json,0.07,0.7,3,40197,"[0, 10, 7, 12, 20, 52, 80, 160, 269, 469, 736, 1187, 1766, 2694, 3694, 4683, 5276, 5169, 4581, 3478, 2310, 1469, 914, 546, 282, 180, 84, 45, 14, 10, 0]"
montgomery,750,none,0.05,True,-1,True,1,mont.json,0.07,0.7,9,40621,"[0, 10, 7, 12, 20, 52, 80, 160, 269, 432, 743, 1156, 1797, 2698, 3783, 4894, 5484, 5465, 4590, 3408, 2242, 1359, 880, 489, 272, 168, 77, 51, 14, 7, 2, 0]"
montgomery,750,none,0.05,True,-1,True,1,mont.json,0.08,0.7,9,40324,"[0, 10, 7, 12, 20, 52, 80, 160, 269, 448, 686, 1160, 1715, 2594, 3578, 4783, 5492, 5354, 4640, 3371, 2363, 1491, 890, 539, 304, 159, 85, 36, 19, 2, 5, 0]"
montgomery,750,none,0.05,True,-1,True,1,mont.json,0.08,0.7,4,40341,"[0, 10, 7, 12, 20, 52, 80, 160, 269, 471, 715, 1188, 1830, 2717, 3840, 4837, 5506, 5277, 4477, 3241, 2250, 1450, 879, 472, 274, 154, 80, 38, 26, 8, 1, 0]"
montgomery,750,none,0.05,True,-1,True,1,mont.json,0.07,0.7,1,40491,"[0, 10, 7, 12, 20, 52, 80, 160, 269, 475, 744, 1089, 1752, 2539, 3579, 4732, 5434, 5286, 4593, 3471, 2456, 1570, 955, 552, 307, 171, 92, 40, 29, 10, 5, 0]"
montgomery,750,none,0.05,True,-1,True,1,mont.json,0.08,0.7,3,40333,"[0, 10, 7, 12, 20, 52, 80, 160, 269, 464, 729, 1182, 1933, 2876, 3974, 5065, 5527, 5303, 4299, 3142, 2096, 1306, 813, 438, 279, 146, 88, 36, 21, 6, 0]"
montgomery,750,none,0.05,True,-1,True,1,mont.json,0.08,0.7,5,40566,"[0, 10, 7, 12, 20, 52, 80, 160, 269, 461, 766, 1185, 1883, 2684, 3807, 4865, 5516, 5349, 4504, 3290, 2273, 1393, 852, 499, 302, 159, 91, 48, 21, 4, 4, 0]"
montgomery,750,none,0.05,True,-1,True,1,mont.json,0.08,0.7,6,40181,"[0, 10, 7, 12, 20, 52, 80, 160, 269, 490, 730, 1127, 1782, 2683, 3704, 4690, 5334, 5277, 4372, 3367, 2281, 1534, 886, 552, 346, 196, 107, 75, 22, 11, 4, 1, 0]"
montgomery,750,none,0.05,True,-1,True,1,mont.json,0.07,0.7,6,40649,"[0, 10, 7, 12, 20, 52, 80, 160, 269, 462, 747, 1207, 1893, 2834, 4004, 5012, 5572, 5365, 4439, 3320, 2128, 1266, 762, 438, 274, 156, 93, 42, 19, 4, 2, 0]"
montgomery,750,none,0.05,True,-1,True,1,mont.json,0.07,0.7,7,40456,"[0, 10, 7, 12, 20, 52, 80, 160, 269, 482, 785, 1221, 1826, 2724, 3797, 4874, 5468, 5260, 4409, 3266, 2241, 1393, 901, 536, 305, 185, 102, 47, 16, 5, 2, 1, 0]"
montgomery,750,none,0.05,True,-1,True,1,mont.json,0.08,0.7,0,40387,"[0, 10, 7, 12, 20, 52, 80, 160, 269, 452, 695, 1126, 1763, 2642, 3697, 4771, 5246, 5257, 4555, 3487, 2420, 1483, 898, 549, 304, 223, 105, 57, 26, 18, 1, 2, 0]"
